Date,ATM_ID,Location,Withdrawals,Deposits,DayOfWeek,IsHoliday,WeatherImpact
2023-01-01,ATM_1,Urban,7191,10734,6,1,2
2023-01-01,ATM_2,Urban,12578,13322,6,1,0
2023-01-01,ATM_3,Urban,8949,7433,6,1,2
2023-01-01,ATM_4,Urban,11555,8385,6,1,0
2023-01-01,ATM_5,Urban,15666,14274,6,1,0
2023-01-02,ATM_1,Urban,17747,14167,0,0,0
2023-01-02,ATM_2,Urban,18005,9658,0,0,0
2023-01-02,ATM_3,Urban,11528,8556,0,0,2
2023-01-02,ATM_4,Urban,20393,13792,0,0,0
2023-01-02,ATM_5,Rural,15513,5612,0,0,1
2023-01-03,ATM_1,Urban,22099,14670,1,0,0
2023-01-03,ATM_2,Urban,21226,8152,1,0,1
2023-01-03,ATM_3,Urban,18073,6021,1,0,0
2023-01-03,ATM_4,Urban,22989,14692,1,0,0
2023-01-03,ATM_5,Rural,10161,7297,1,0,0
2023-01-04,ATM_1,Rural,17629,6798,2,0,0
2023-01-04,ATM_2,Urban,17892,11863,2,0,2
2023-01-04,ATM_3,Rural,14887,6993,2,0,0
2023-01-04,ATM_4,Rural,18684,8276,2,0,0
2023-01-04,ATM_5,Rural,18006,5568,2,0,0
2023-01-05,ATM_1,Rural,19687,8258,3,0,0
2023-01-05,ATM_2,Urban,20892,8561,3,0,0
2023-01-05,ATM_3,Urban,21278,13392,3,0,0
2023-01-05,ATM_4,Urban,22215,7454,3,0,0
2023-01-05,ATM_5,Urban,17731,13154,3,0,0
2023-01-06,ATM_1,Urban,23110,8840,4,0,0
2023-01-06,ATM_2,Rural,19062,9938,4,0,0
2023-01-06,ATM_3,Urban,22721,12035,4,0,0
2023-01-06,ATM_4,Urban,17790,12408,4,0,0
2023-01-06,ATM_5,Urban,16757,12574,4,0,0
2023-01-07,ATM_1,Urban,16636,6059,5,0,0
2023-01-07,ATM_2,Rural,10157,8915,5,0,0
2023-01-07,ATM_3,Rural,7693,7891,5,0,1
2023-01-07,ATM_4,Rural,12450,4663,5,0,0
2023-01-07,ATM_5,Rural,12392,8504,5,0,1
2023-01-08,ATM_1,Urban,17864,14474,6,0,0
2023-01-08,ATM_2,Urban,16413,8748,6,0,0
2023-01-08,ATM_3,Urban,12663,6998,6,0,0
2023-01-08,ATM_4,Urban,13495,8304,6,0,0
2023-01-08,ATM_5,Urban,18585,6291,6,0,0
2023-01-09,ATM_1,Urban,22280,6636,0,0,0
2023-01-09,ATM_2,Urban,19737,5854,0,0,0
2023-01-09,ATM_3,Urban,18249,10172,0,0,1
2023-01-09,ATM_4,Urban,15535,9931,0,0,2
2023-01-09,ATM_5,Urban,23958,9389,0,0,0
2023-01-10,ATM_1,Urban,15197,12125,1,0,0
2023-01-10,ATM_2,Urban,23800,14339,1,0,0
2023-01-10,ATM_3,Urban,24986,5659,1,0,0
2023-01-10,ATM_4,Urban,24561,6986,1,0,0
2023-01-10,ATM_5,Rural,11734,4843,1,0,0
2023-01-11,ATM_1,Rural,16694,5385,2,0,0
2023-01-11,ATM_2,Rural,18120,9616,2,0,0
2023-01-11,ATM_3,Urban,15262,11287,2,0,0
2023-01-11,ATM_4,Rural,12049,8423,2,0,0
2023-01-11,ATM_5,Rural,17158,5056,2,0,0
2023-01-12,ATM_1,Urban,17255,6154,3,0,0
2023-01-12,ATM_2,Rural,19888,6991,3,0,0
2023-01-12,ATM_3,Rural,13539,4445,3,0,1
2023-01-12,ATM_4,Urban,17557,10592,3,0,0
2023-01-12,ATM_5,Urban,19973,9433,3,0,0
2023-01-13,ATM_1,Urban,15956,13352,4,0,0
2023-01-13,ATM_2,Urban,19911,8987,4,0,0
2023-01-13,ATM_3,Urban,16218,9496,4,0,0
2023-01-13,ATM_4,Urban,24146,13050,4,0,0
2023-01-13,ATM_5,Urban,16693,8436,4,0,0
2023-01-14,ATM_1,Urban,10225,9893,5,0,1
2023-01-14,ATM_2,Urban,17600,12996,5,0,0
2023-01-14,ATM_3,Urban,19679,13208,5,0,0
2023-01-14,ATM_4,Rural,8069,6444,5,0,0
2023-01-14,ATM_5,Rural,8060,5327,5,0,0
2023-01-15,ATM_1,Urban,12606,8170,6,0,0
2023-01-15,ATM_2,Rural,7980,5975,6,0,0
2023-01-15,ATM_3,Rural,15319,5065,6,0,0
2023-01-15,ATM_4,Urban,10569,10442,6,0,1
2023-01-15,ATM_5,Urban,19455,9014,6,0,0
2023-01-16,ATM_1,Rural,10154,5537,0,0,0
2023-01-16,ATM_2,Rural,18096,7341,0,0,0
2023-01-16,ATM_3,Urban,17806,5537,0,0,0
2023-01-16,ATM_4,Rural,16716,9971,0,0,1
2023-01-16,ATM_5,Urban,19780,7368,0,0,0
2023-01-17,ATM_1,Urban,24163,11002,1,0,0
2023-01-17,ATM_2,Urban,20919,5853,1,0,0
2023-01-17,ATM_3,Urban,16148,11293,1,0,0
2023-01-17,ATM_4,Urban,24907,9777,1,0,0
2023-01-17,ATM_5,Rural,12491,5660,1,0,0
2023-01-18,ATM_1,Urban,18051,5004,2,0,0
2023-01-18,ATM_2,Urban,22183,12027,2,0,1
2023-01-18,ATM_3,Urban,22079,12987,2,0,0
2023-01-18,ATM_4,Urban,11693,14874,2,0,2
2023-01-18,ATM_5,Rural,15177,9070,2,0,0
2023-01-19,ATM_1,Urban,20949,7838,3,0,0
2023-01-19,ATM_2,Urban,16664,6081,3,0,0
2023-01-19,ATM_3,Rural,17805,8237,3,0,0
2023-01-19,ATM_4,Rural,13343,8308,3,0,0
2023-01-19,ATM_5,Rural,17004,5294,3,0,0
2023-01-20,ATM_1,Urban,18506,12253,4,0,0
2023-01-20,ATM_2,Urban,20188,7141,4,0,0
2023-01-20,ATM_3,Rural,16617,5479,4,0,0
2023-01-20,ATM_4,Rural,17421,4757,4,0,0
2023-01-20,ATM_5,Urban,17849,12390,4,0,0
2023-01-21,ATM_1,Urban,19823,14207,5,0,1
2023-01-21,ATM_2,Urban,14839,13527,5,0,0
2023-01-21,ATM_3,Urban,21087,11303,5,0,0
2023-01-21,ATM_4,Rural,13833,6746,5,0,0
2023-01-21,ATM_5,Urban,14738,10732,5,0,0
2023-01-22,ATM_1,Urban,13913,6066,6,0,1
2023-01-22,ATM_2,Urban,17726,8373,6,0,0
2023-01-22,ATM_3,Urban,14082,13967,6,0,0
2023-01-22,ATM_4,Urban,12417,13306,6,0,0
2023-01-22,ATM_5,Urban,19668,10745,6,0,0
2023-01-23,ATM_1,Urban,20587,5728,0,0,1
2023-01-23,ATM_2,Rural,15988,5504,0,0,0
2023-01-23,ATM_3,Urban,16122,9079,0,0,0
2023-01-23,ATM_4,Urban,17143,14879,0,0,0
2023-01-23,ATM_5,Rural,13440,6766,0,0,0
2023-01-24,ATM_1,Rural,14968,8917,1,0,0
2023-01-24,ATM_2,Rural,10728,4365,1,0,0
2023-01-24,ATM_3,Urban,15395,12400,1,0,0
2023-01-24,ATM_4,Rural,10717,5782,1,0,0
2023-01-24,ATM_5,Rural,15486,3143,1,0,0
2023-01-25,ATM_1,Urban,22192,10588,2,0,0
2023-01-25,ATM_2,Rural,11062,5156,2,0,0
2023-01-25,ATM_3,Rural,11541,6294,2,0,2
2023-01-25,ATM_4,Urban,23924,9330,2,0,0
2023-01-25,ATM_5,Rural,12241,3953,2,0,2
2023-01-26,ATM_1,Urban,16542,10293,3,0,0
2023-01-26,ATM_2,Rural,16938,5681,3,0,0
2023-01-26,ATM_3,Urban,20541,14580,3,0,0
2023-01-26,ATM_4,Urban,21702,12494,3,0,1
2023-01-26,ATM_5,Rural,13141,6486,3,0,0
2023-01-27,ATM_1,Urban,19186,13905,4,0,0
2023-01-27,ATM_2,Rural,14268,7748,4,0,0
2023-01-27,ATM_3,Urban,21619,13647,4,0,0
2023-01-27,ATM_4,Urban,18072,11530,4,0,0
2023-01-27,ATM_5,Urban,11214,6531,4,0,2
2023-01-28,ATM_1,Urban,15029,5133,5,0,1
2023-01-28,ATM_2,Rural,8316,4852,5,0,2
2023-01-28,ATM_3,Urban,17348,14442,5,0,0
2023-01-28,ATM_4,Urban,18190,6256,5,0,0
2023-01-28,ATM_5,Urban,15584,14588,5,0,0
2023-01-29,ATM_1,Urban,20662,13120,6,0,0
2023-01-29,ATM_2,Rural,7063,3357,6,0,2
2023-01-29,ATM_3,Urban,21337,11819,6,0,0
2023-01-29,ATM_4,Urban,12539,9964,6,0,0
2023-01-29,ATM_5,Rural,9102,8320,6,0,2
2023-01-30,ATM_1,Urban,15779,5924,0,0,1
2023-01-30,ATM_2,Urban,20713,12026,0,0,0
2023-01-30,ATM_3,Rural,10009,5871,0,0,0
2023-01-30,ATM_4,Rural,15124,4015,0,0,0
2023-01-30,ATM_5,Urban,21415,12449,0,0,1
2023-01-31,ATM_1,Urban,16938,9784,1,0,2
2023-01-31,ATM_2,Rural,17266,3510,1,0,0
2023-01-31,ATM_3,Urban,17000,14860,1,0,0
2023-01-31,ATM_4,Rural,17140,6636,1,0,0
2023-01-31,ATM_5,Rural,15245,9600,1,0,1
2023-02-01,ATM_1,Urban,10716,12939,2,0,2
2023-02-01,ATM_2,Urban,18419,12239,2,0,0
2023-02-01,ATM_3,Urban,15770,9363,2,0,0
2023-02-01,ATM_4,Rural,12901,7858,2,0,2
2023-02-01,ATM_5,Urban,18374,6252,2,0,0
2023-02-02,ATM_1,Urban,19530,11881,3,0,0
2023-02-02,ATM_2,Urban,21941,14550,3,0,0
2023-02-02,ATM_3,Urban,14331,9261,3,0,1
2023-02-02,ATM_4,Urban,17637,9854,3,0,1
2023-02-02,ATM_5,Urban,19892,12043,3,0,0
2023-02-03,ATM_1,Urban,15832,8579,4,0,1
2023-02-03,ATM_2,Urban,22941,10569,4,0,0
2023-02-03,ATM_3,Urban,16906,11254,4,0,0
2023-02-03,ATM_4,Urban,21238,11090,4,0,0
2023-02-03,ATM_5,Urban,24911,13472,4,0,0
2023-02-04,ATM_1,Rural,11188,3671,5,0,0
2023-02-04,ATM_2,Urban,19570,12956,5,0,0
2023-02-04,ATM_3,Urban,15900,11677,5,0,0
2023-02-04,ATM_4,Urban,18376,5523,5,0,0
2023-02-04,ATM_5,Urban,21945,12240,5,0,0
2023-02-05,ATM_1,Urban,18493,7878,6,0,0
2023-02-05,ATM_2,Urban,13276,10811,6,0,0
2023-02-05,ATM_3,Urban,20717,13150,6,0,0
2023-02-05,ATM_4,Urban,18809,9621,6,0,0
2023-02-05,ATM_5,Urban,17122,6646,6,0,0
2023-02-06,ATM_1,Rural,11531,6345,0,0,0
2023-02-06,ATM_2,Urban,18086,13152,0,0,0
2023-02-06,ATM_3,Rural,11062,4976,0,0,0
2023-02-06,ATM_4,Rural,10125,9955,0,0,0
2023-02-06,ATM_5,Urban,21168,14795,0,0,0
2023-02-07,ATM_1,Urban,24361,11371,1,0,0
2023-02-07,ATM_2,Urban,22943,11891,1,0,0
2023-02-07,ATM_3,Urban,17739,10401,1,0,0
2023-02-07,ATM_4,Urban,15876,8812,1,0,0
2023-02-07,ATM_5,Rural,11733,4605,1,0,0
2023-02-08,ATM_1,Urban,21986,8517,2,0,0
2023-02-08,ATM_2,Urban,24352,13434,2,0,0
2023-02-08,ATM_3,Urban,24111,10342,2,0,0
2023-02-08,ATM_4,Rural,18195,8966,2,0,0
2023-02-08,ATM_5,Rural,12551,9117,2,0,0
2023-02-09,ATM_1,Urban,13846,11316,3,0,1
2023-02-09,ATM_2,Rural,19333,9979,3,0,0
2023-02-09,ATM_3,Urban,19208,11283,3,0,0
2023-02-09,ATM_4,Urban,24765,6828,3,0,0
2023-02-09,ATM_5,Urban,19988,7026,3,0,1
2023-02-10,ATM_1,Urban,15009,5260,4,0,0
2023-02-10,ATM_2,Urban,12060,10287,4,0,2
2023-02-10,ATM_3,Rural,12832,5824,4,0,0
2023-02-10,ATM_4,Urban,18490,14310,4,0,0
2023-02-10,ATM_5,Rural,8235,4969,4,0,1
2023-02-11,ATM_1,Urban,17256,7635,5,0,0
2023-02-11,ATM_2,Urban,13391,10951,5,0,1
2023-02-11,ATM_3,Rural,14444,9413,5,0,1
2023-02-11,ATM_4,Rural,7898,3077,5,0,1
2023-02-11,ATM_5,Urban,13065,7136,5,0,0
2023-02-12,ATM_1,Urban,18943,12804,6,0,0
2023-02-12,ATM_2,Urban,14190,14184,6,0,0
2023-02-12,ATM_3,Urban,14033,6997,6,0,1
2023-02-12,ATM_4,Urban,13970,13389,6,0,0
2023-02-12,ATM_5,Rural,15135,9697,6,0,0
2023-02-13,ATM_1,Urban,20788,10408,0,0,0
2023-02-13,ATM_2,Urban,13419,7204,0,0,1
2023-02-13,ATM_3,Urban,15950,7336,0,0,0
2023-02-13,ATM_4,Urban,19612,6865,0,0,0
2023-02-13,ATM_5,Urban,20326,11371,0,0,1
2023-02-14,ATM_1,Urban,18228,8719,1,0,0
2023-02-14,ATM_2,Urban,17891,8756,1,0,0
2023-02-14,ATM_3,Rural,16898,4955,1,0,0
2023-02-14,ATM_4,Urban,17116,10779,1,0,0
2023-02-14,ATM_5,Urban,19166,5814,1,0,1
2023-02-15,ATM_1,Urban,22783,5984,2,0,0
2023-02-15,ATM_2,Urban,18531,12147,2,0,0
2023-02-15,ATM_3,Urban,18876,10959,2,0,0
2023-02-15,ATM_4,Urban,21024,10109,2,0,0
2023-02-15,ATM_5,Urban,18368,8797,2,0,0
2023-02-16,ATM_1,Rural,15732,6476,3,0,0
2023-02-16,ATM_2,Urban,18030,7872,3,0,0
2023-02-16,ATM_3,Urban,21514,10031,3,0,0
2023-02-16,ATM_4,Urban,24524,13393,3,0,0
2023-02-16,ATM_5,Rural,17970,3574,3,0,0
2023-02-17,ATM_1,Urban,20973,13577,4,0,1
2023-02-17,ATM_2,Urban,21490,8600,4,0,0
2023-02-17,ATM_3,Urban,16205,6990,4,0,0
2023-02-17,ATM_4,Urban,21320,9380,4,0,0
2023-02-17,ATM_5,Urban,20588,5966,4,0,0
2023-02-18,ATM_1,Rural,11243,6701,5,0,0
2023-02-18,ATM_2,Rural,13704,7422,5,0,0
2023-02-18,ATM_3,Urban,14482,13058,5,0,0
2023-02-18,ATM_4,Rural,9717,5332,5,0,0
2023-02-18,ATM_5,Urban,19311,12186,5,0,0
2023-02-19,ATM_1,Urban,18645,10083,6,0,0
2023-02-19,ATM_2,Urban,21138,9926,6,0,0
2023-02-19,ATM_3,Urban,20038,9873,6,0,0
2023-02-19,ATM_4,Urban,15451,5054,6,0,0
2023-02-19,ATM_5,Urban,12832,10954,6,0,0
2023-02-20,ATM_1,Urban,23519,12221,0,0,0
2023-02-20,ATM_2,Urban,22218,12776,0,0,0
2023-02-20,ATM_3,Urban,22970,7143,0,0,0
2023-02-20,ATM_4,Rural,12538,6983,0,0,0
2023-02-20,ATM_5,Urban,21612,10005,0,0,0
2023-02-21,ATM_1,Urban,19150,9425,1,0,1
2023-02-21,ATM_2,Urban,19242,8695,1,0,0
2023-02-21,ATM_3,Urban,19177,13705,1,0,0
2023-02-21,ATM_4,Rural,13594,7841,1,0,0
2023-02-21,ATM_5,Rural,14491,4555,1,0,0
2023-02-22,ATM_1,Urban,22083,10986,2,0,0
2023-02-22,ATM_2,Rural,12679,5106,2,0,0
2023-02-22,ATM_3,Rural,12768,6953,2,0,0
2023-02-22,ATM_4,Urban,17599,9033,2,0,0
2023-02-22,ATM_5,Urban,20877,6301,2,0,0
2023-02-23,ATM_1,Rural,13633,5076,3,0,2
2023-02-23,ATM_2,Urban,15074,11981,3,0,0
2023-02-23,ATM_3,Rural,15475,3040,3,0,0
2023-02-23,ATM_4,Urban,22141,6622,3,0,0
2023-02-23,ATM_5,Urban,17074,12992,3,0,0
2023-02-24,ATM_1,Urban,23801,11136,4,0,0
2023-02-24,ATM_2,Urban,17969,8028,4,0,0
2023-02-24,ATM_3,Urban,19225,8067,4,0,0
2023-02-24,ATM_4,Rural,14788,6363,4,0,0
2023-02-24,ATM_5,Rural,13850,8415,4,0,0
2023-02-25,ATM_1,Urban,18378,14442,5,0,1
2023-02-25,ATM_2,Rural,9711,7853,5,0,0
2023-02-25,ATM_3,Urban,21977,12715,5,0,0
2023-02-25,ATM_4,Urban,19101,12674,5,0,0
2023-02-25,ATM_5,Urban,12153,12617,5,0,0
2023-02-26,ATM_1,Urban,17136,10760,6,0,0
2023-02-26,ATM_2,Urban,18185,12970,6,0,0
2023-02-26,ATM_3,Rural,15363,4458,6,0,0
2023-02-26,ATM_4,Urban,14322,14828,6,0,0
2023-02-26,ATM_5,Urban,13004,10136,6,0,1
2023-02-27,ATM_1,Rural,17982,7107,0,0,0
2023-02-27,ATM_2,Urban,18895,7708,0,0,1
2023-02-27,ATM_3,Rural,17119,3709,0,0,0
2023-02-27,ATM_4,Rural,13387,6726,0,0,1
2023-02-27,ATM_5,Urban,23238,9873,0,0,0
2023-02-28,ATM_1,Urban,15913,12124,1,0,2
2023-02-28,ATM_2,Urban,19430,13820,1,0,0
2023-02-28,ATM_3,Rural,18007,4521,1,0,0
2023-02-28,ATM_4,Urban,18294,10085,1,0,0
2023-02-28,ATM_5,Urban,16466,8561,1,0,0
2023-03-01,ATM_1,Urban,18223,12138,2,0,0
2023-03-01,ATM_2,Urban,15130,7983,2,0,0
2023-03-01,ATM_3,Urban,23230,12694,2,0,0
2023-03-01,ATM_4,Rural,10920,5769,2,0,0
2023-03-01,ATM_5,Urban,24323,13502,2,0,0
2023-03-02,ATM_1,Urban,14346,14996,3,0,2
2023-03-02,ATM_2,Urban,16810,12206,3,0,1
2023-03-02,ATM_3,Urban,17032,13436,3,0,0
2023-03-02,ATM_4,Urban,16771,14454,3,0,0
2023-03-02,ATM_5,Urban,23190,8430,3,0,0
2023-03-03,ATM_1,Urban,18760,7050,4,0,0
2023-03-03,ATM_2,Urban,17033,11467,4,0,0
2023-03-03,ATM_3,Rural,18623,3704,4,0,0
2023-03-03,ATM_4,Rural,14494,9960,4,0,0
2023-03-03,ATM_5,Urban,16828,14130,4,0,0
2023-03-04,ATM_1,Urban,14486,13202,5,0,2
2023-03-04,ATM_2,Rural,9878,9707,5,0,2
2023-03-04,ATM_3,Urban,17429,14076,5,0,0
2023-03-04,ATM_4,Rural,14274,7321,5,0,0
2023-03-04,ATM_5,Urban,18402,8845,5,0,0
2023-03-05,ATM_1,Rural,7726,5736,6,0,0
2023-03-05,ATM_2,Urban,21788,12657,6,0,0
2023-03-05,ATM_3,Urban,19312,13194,6,0,0
2023-03-05,ATM_4,Rural,14287,3892,6,0,0
2023-03-05,ATM_5,Urban,13933,6380,6,0,0
2023-03-06,ATM_1,Urban,20490,14179,0,0,1
2023-03-06,ATM_2,Urban,21881,14547,0,0,0
2023-03-06,ATM_3,Urban,24752,14610,0,0,0
2023-03-06,ATM_4,Urban,15974,9133,0,0,0
2023-03-06,ATM_5,Urban,24105,13228,0,0,0
2023-03-07,ATM_1,Urban,19036,10068,1,0,0
2023-03-07,ATM_2,Rural,10317,5396,1,0,0
2023-03-07,ATM_3,Rural,16183,6930,1,0,0
2023-03-07,ATM_4,Rural,14311,5383,1,0,0
2023-03-07,ATM_5,Urban,14704,11924,1,0,1
2023-03-08,ATM_1,Rural,14286,6738,2,0,0
2023-03-08,ATM_2,Rural,10556,3825,2,0,0
2023-03-08,ATM_3,Urban,20561,7719,2,0,1
2023-03-08,ATM_4,Urban,18998,7403,2,0,0
2023-03-08,ATM_5,Urban,24739,5294,2,0,0
2023-03-09,ATM_1,Urban,24882,6136,3,0,0
2023-03-09,ATM_2,Urban,22009,9543,3,0,0
2023-03-09,ATM_3,Urban,20445,10352,3,0,0
2023-03-09,ATM_4,Rural,10571,5382,3,0,0
2023-03-09,ATM_5,Rural,17059,4887,3,0,0
2023-03-10,ATM_1,Rural,9040,9667,4,0,1
2023-03-10,ATM_2,Urban,17752,13213,4,0,0
2023-03-10,ATM_3,Urban,17353,12437,4,0,0
2023-03-10,ATM_4,Rural,13954,8346,4,0,2
2023-03-10,ATM_5,Urban,23220,14098,4,0,0
2023-03-11,ATM_1,Rural,16645,7833,5,0,0
2023-03-11,ATM_2,Rural,13540,3038,5,0,0
2023-03-11,ATM_3,Urban,11098,12027,5,0,1
2023-03-11,ATM_4,Rural,10155,6093,5,0,0
2023-03-11,ATM_5,Urban,10988,9116,5,0,1
2023-03-12,ATM_1,Rural,9179,4682,6,0,1
2023-03-12,ATM_2,Urban,14424,5933,6,0,2
2023-03-12,ATM_3,Urban,15056,13984,6,0,0
2023-03-12,ATM_4,Rural,13635,5255,6,0,0
2023-03-12,ATM_5,Urban,12984,10776,6,0,0
2023-03-13,ATM_1,Urban,16050,8633,0,0,0
2023-03-13,ATM_2,Rural,10959,9059,0,0,0
2023-03-13,ATM_3,Urban,15946,12725,0,0,1
2023-03-13,ATM_4,Urban,16875,6763,0,0,0
2023-03-13,ATM_5,Urban,22099,10109,0,0,0
2023-03-14,ATM_1,Urban,15583,13586,1,0,0
2023-03-14,ATM_2,Rural,18465,5013,1,0,0
2023-03-14,ATM_3,Urban,23357,14759,1,0,0
2023-03-14,ATM_4,Urban,17043,9197,1,0,0
2023-03-14,ATM_5,Rural,13762,8207,1,0,0
2023-03-15,ATM_1,Urban,18117,10791,2,0,0
2023-03-15,ATM_2,Urban,17720,13905,2,0,0
2023-03-15,ATM_3,Rural,16032,3001,2,0,1
2023-03-15,ATM_4,Urban,14949,11732,2,0,1
2023-03-15,ATM_5,Urban,22014,5089,2,0,0
2023-03-16,ATM_1,Urban,16041,5105,3,0,1
2023-03-16,ATM_2,Urban,21090,13508,3,0,0
2023-03-16,ATM_3,Rural,16917,6144,3,0,0
2023-03-16,ATM_4,Urban,23907,10383,3,0,0
2023-03-16,ATM_5,Rural,19299,8437,3,0,0
2023-03-17,ATM_1,Urban,15458,5207,4,0,0
2023-03-17,ATM_2,Urban,21601,5894,4,0,1
2023-03-17,ATM_3,Urban,19109,12179,4,0,0
2023-03-17,ATM_4,Urban,16266,8638,4,0,0
2023-03-17,ATM_5,Urban,17356,9790,4,0,0
2023-03-18,ATM_1,Urban,19057,5661,5,0,0
2023-03-18,ATM_2,Urban,21274,13946,5,0,0
2023-03-18,ATM_3,Urban,18078,5352,5,0,0
2023-03-18,ATM_4,Rural,7158,4977,5,0,0
2023-03-18,ATM_5,Rural,16579,6453,5,0,0
2023-03-19,ATM_1,Rural,8712,7703,6,0,0
2023-03-19,ATM_2,Urban,17631,14633,6,0,0
2023-03-19,ATM_3,Rural,8394,7281,6,0,0
2023-03-19,ATM_4,Rural,7529,6623,6,0,0
2023-03-19,ATM_5,Rural,10591,5147,6,0,0
2023-03-20,ATM_1,Rural,19131,3525,0,0,0
2023-03-20,ATM_2,Rural,14648,5365,0,0,0
2023-03-20,ATM_3,Urban,15013,9599,0,0,0
2023-03-20,ATM_4,Urban,18814,8216,0,0,0
2023-03-20,ATM_5,Urban,12113,14444,0,0,2
2023-03-21,ATM_1,Urban,19555,12062,1,0,0
2023-03-21,ATM_2,Urban,15629,5269,1,0,0
2023-03-21,ATM_3,Urban,18432,14472,1,0,0
2023-03-21,ATM_4,Urban,22115,11656,1,0,0
2023-03-21,ATM_5,Urban,24499,8192,1,0,0
2023-03-22,ATM_1,Urban,18568,14847,2,0,0
2023-03-22,ATM_2,Rural,11742,4925,2,0,0
2023-03-22,ATM_3,Urban,18953,5968,2,0,0
2023-03-22,ATM_4,Urban,19262,6058,2,0,1
2023-03-22,ATM_5,Urban,19980,14200,2,0,1
2023-03-23,ATM_1,Urban,23467,7740,3,0,0
2023-03-23,ATM_2,Urban,15125,12473,3,0,0
2023-03-23,ATM_3,Rural,17351,9638,3,0,0
2023-03-23,ATM_4,Urban,21294,11527,3,0,0
2023-03-23,ATM_5,Urban,16969,5891,3,0,0
2023-03-24,ATM_1,Urban,18320,14206,4,0,2
2023-03-24,ATM_2,Urban,19612,14710,4,0,0
2023-03-24,ATM_3,Urban,20238,11089,4,0,0
2023-03-24,ATM_4,Urban,22705,8719,4,0,0
2023-03-24,ATM_5,Rural,10986,4863,4,0,0
2023-03-25,ATM_1,Rural,8072,8406,5,0,1
2023-03-25,ATM_2,Urban,20125,8291,5,0,0
2023-03-25,ATM_3,Urban,12574,10704,5,0,0
2023-03-25,ATM_4,Rural,8924,5632,5,0,2
2023-03-25,ATM_5,Urban,19114,14539,5,0,0
2023-03-26,ATM_1,Urban,13667,14829,6,0,0
2023-03-26,ATM_2,Urban,11000,14042,6,0,1
2023-03-26,ATM_3,Rural,15189,3821,6,0,0
2023-03-26,ATM_4,Urban,19232,9806,6,0,0
2023-03-26,ATM_5,Urban,17592,6440,6,0,0
2023-03-27,ATM_1,Urban,21059,12010,0,0,0
2023-03-27,ATM_2,Urban,24153,7989,0,0,0
2023-03-27,ATM_3,Urban,21471,7863,0,0,0
2023-03-27,ATM_4,Rural,9177,7760,0,0,1
2023-03-27,ATM_5,Urban,23234,14135,0,0,0
2023-03-28,ATM_1,Urban,21570,14196,1,0,0
2023-03-28,ATM_2,Rural,14431,4838,1,0,0
2023-03-28,ATM_3,Urban,18906,9146,1,0,2
2023-03-28,ATM_4,Urban,17882,11012,1,0,1
2023-03-28,ATM_5,Urban,18610,14884,1,0,0
2023-03-29,ATM_1,Rural,17311,3105,2,0,0
2023-03-29,ATM_2,Urban,21787,7137,2,0,0
2023-03-29,ATM_3,Urban,22052,8654,2,0,0
2023-03-29,ATM_4,Urban,23636,11441,2,0,0
2023-03-29,ATM_5,Rural,11798,4845,2,0,0
2023-03-30,ATM_1,Urban,21284,12285,3,0,0
2023-03-30,ATM_2,Urban,18097,9616,3,0,0
2023-03-30,ATM_3,Urban,20752,14852,3,0,0
2023-03-30,ATM_4,Rural,11072,6225,3,0,0
2023-03-30,ATM_5,Urban,21807,11674,3,0,0
2023-03-31,ATM_1,Rural,17000,3145,4,0,0
2023-03-31,ATM_2,Rural,19654,9385,4,0,0
2023-03-31,ATM_3,Urban,18179,6249,4,0,0
2023-03-31,ATM_4,Urban,23853,7852,4,0,0
2023-03-31,ATM_5,Urban,22327,14738,4,0,0
2023-04-01,ATM_1,Urban,18652,13632,5,0,0
2023-04-01,ATM_2,Urban,11358,14769,5,0,2
2023-04-01,ATM_3,Urban,18602,7349,5,0,0
2023-04-01,ATM_4,Urban,21382,11764,5,0,0
2023-04-01,ATM_5,Urban,19843,5072,5,0,0
2023-04-02,ATM_1,Urban,14472,5707,6,0,0
2023-04-02,ATM_2,Urban,15051,7475,6,0,1
2023-04-02,ATM_3,Urban,19397,6735,6,0,0
2023-04-02,ATM_4,Urban,14428,12426,6,0,0
2023-04-02,ATM_5,Urban,17291,7817,6,0,0
2023-04-03,ATM_1,Urban,19686,9211,0,0,2
2023-04-03,ATM_2,Urban,18374,14208,0,0,0
2023-04-03,ATM_3,Urban,21813,5632,0,0,0
2023-04-03,ATM_4,Rural,13719,5562,0,0,0
2023-04-03,ATM_5,Rural,14443,9770,0,0,0
2023-04-04,ATM_1,Urban,18555,7368,1,0,2
2023-04-04,ATM_2,Rural,14037,9549,1,0,0
2023-04-04,ATM_3,Urban,20280,6012,1,0,0
2023-04-04,ATM_4,Rural,12785,5556,1,0,0
2023-04-04,ATM_5,Urban,21257,14793,1,0,0
2023-04-05,ATM_1,Urban,17496,10962,2,0,0
2023-04-05,ATM_2,Rural,11689,6267,2,0,0
2023-04-05,ATM_3,Rural,18597,5190,2,0,0
2023-04-05,ATM_4,Rural,12107,3560,2,0,1
2023-04-05,ATM_5,Urban,14826,12629,2,0,1
2023-04-06,ATM_1,Rural,17693,3072,3,0,0
2023-04-06,ATM_2,Urban,22002,9225,3,0,0
2023-04-06,ATM_3,Urban,16097,10656,3,0,2
2023-04-06,ATM_4,Urban,19259,13286,3,0,0
2023-04-06,ATM_5,Urban,19917,13429,3,0,0
2023-04-07,ATM_1,Urban,16960,12045,4,0,0
2023-04-07,ATM_2,Urban,17964,12137,4,0,0
2023-04-07,ATM_3,Urban,22340,12179,4,0,0
2023-04-07,ATM_4,Rural,18734,3845,4,0,0
2023-04-07,ATM_5,Rural,12494,7485,4,0,0
2023-04-08,ATM_1,Urban,17179,11610,5,0,0
2023-04-08,ATM_2,Urban,18488,9737,5,0,0
2023-04-08,ATM_3,Urban,17175,13648,5,0,0
2023-04-08,ATM_4,Urban,17448,6179,5,0,0
2023-04-08,ATM_5,Urban,20591,11907,5,0,0
2023-04-09,ATM_1,Urban,17671,11928,6,0,0
2023-04-09,ATM_2,Urban,15292,14011,6,0,0
2023-04-09,ATM_3,Urban,17857,14700,6,0,1
2023-04-09,ATM_4,Rural,9044,9626,6,0,0
2023-04-09,ATM_5,Urban,13549,14956,6,0,0
2023-04-10,ATM_1,Urban,14481,12898,0,0,2
2023-04-10,ATM_2,Urban,21793,12638,0,0,0
2023-04-10,ATM_3,Urban,21356,13433,0,0,0
2023-04-10,ATM_4,Urban,19268,5671,0,0,0
2023-04-10,ATM_5,Urban,19795,9798,0,0,0
2023-04-11,ATM_1,Urban,22961,10827,1,0,0
2023-04-11,ATM_2,Rural,10593,7839,1,0,0
2023-04-11,ATM_3,Rural,13493,5601,1,0,0
2023-04-11,ATM_4,Rural,12200,9335,1,0,1
2023-04-11,ATM_5,Rural,16272,3571,1,0,0
2023-04-12,ATM_1,Urban,23433,8897,2,0,0
2023-04-12,ATM_2,Urban,22451,13906,2,0,0
2023-04-12,ATM_3,Urban,21869,7247,2,0,0
2023-04-12,ATM_4,Urban,16926,14047,2,0,1
2023-04-12,ATM_5,Rural,17083,9592,2,0,0
2023-04-13,ATM_1,Urban,18271,8456,3,0,0
2023-04-13,ATM_2,Urban,17711,6668,3,0,0
2023-04-13,ATM_3,Urban,15365,14866,3,0,0
2023-04-13,ATM_4,Rural,16754,6562,3,0,1
2023-04-13,ATM_5,Urban,20439,14765,3,0,0
2023-04-14,ATM_1,Urban,22504,6246,4,0,0
2023-04-14,ATM_2,Rural,12376,6009,4,0,0
2023-04-14,ATM_3,Urban,16827,11979,4,0,0
2023-04-14,ATM_4,Rural,18569,7214,4,0,0
2023-04-14,ATM_5,Urban,12196,8747,4,0,2
2023-04-15,ATM_1,Urban,7780,14908,5,0,2
2023-04-15,ATM_2,Rural,15714,3521,5,0,0
2023-04-15,ATM_3,Urban,15784,9583,5,0,1
2023-04-15,ATM_4,Urban,19128,7461,5,0,0
2023-04-15,ATM_5,Rural,7685,5160,5,0,0
2023-04-16,ATM_1,Urban,21759,10341,6,0,0
2023-04-16,ATM_2,Rural,6256,5990,6,0,1
2023-04-16,ATM_3,Urban,12301,12527,6,0,0
2023-04-16,ATM_4,Urban,21951,13789,6,0,0
2023-04-16,ATM_5,Rural,14003,6868,6,0,0
2023-04-17,ATM_1,Rural,14558,9579,0,0,0
2023-04-17,ATM_2,Rural,14082,8526,0,0,0
2023-04-17,ATM_3,Rural,13754,5468,0,0,0
2023-04-17,ATM_4,Urban,23894,6653,0,0,0
2023-04-17,ATM_5,Urban,20926,11251,0,0,0
2023-04-18,ATM_1,Urban,21279,13553,1,0,0
2023-04-18,ATM_2,Urban,18995,14476,1,0,1
2023-04-18,ATM_3,Rural,15343,4855,1,0,0
2023-04-18,ATM_4,Rural,13081,4428,1,0,0
2023-04-18,ATM_5,Rural,19114,6137,1,0,0
2023-04-19,ATM_1,Urban,17547,7979,2,0,0
2023-04-19,ATM_2,Urban,18083,6037,2,0,0
2023-04-19,ATM_3,Rural,12634,6983,2,0,0
2023-04-19,ATM_4,Urban,22378,6124,2,0,0
2023-04-19,ATM_5,Urban,20251,14235,2,0,0
2023-04-20,ATM_1,Rural,17321,4828,3,0,0
2023-04-20,ATM_2,Urban,19966,10891,3,0,0
2023-04-20,ATM_3,Urban,17563,8292,3,0,0
2023-04-20,ATM_4,Urban,19431,11841,3,0,0
2023-04-20,ATM_5,Urban,15161,5593,3,0,0
2023-04-21,ATM_1,Urban,18390,10997,4,0,0
2023-04-21,ATM_2,Urban,15541,10433,4,0,0
2023-04-21,ATM_3,Rural,18623,7835,4,0,0
2023-04-21,ATM_4,Urban,16169,5830,4,0,0
2023-04-21,ATM_5,Urban,24518,6019,4,0,0
2023-04-22,ATM_1,Urban,13283,5659,5,0,0
2023-04-22,ATM_2,Rural,8733,8678,5,0,0
2023-04-22,ATM_3,Rural,10471,3836,5,0,0
2023-04-22,ATM_4,Urban,14097,10068,5,0,0
2023-04-22,ATM_5,Rural,9757,6920,5,0,0
2023-04-23,ATM_1,Rural,8449,3546,6,0,0
2023-04-23,ATM_2,Urban,17999,11052,6,0,1
2023-04-23,ATM_3,Urban,20895,11404,6,0,0
2023-04-23,ATM_4,Rural,14462,8105,6,0,0
2023-04-23,ATM_5,Rural,7685,8947,6,0,0
2023-04-24,ATM_1,Urban,16619,11868,0,0,0
2023-04-24,ATM_2,Urban,24557,14435,0,0,0
2023-04-24,ATM_3,Urban,23461,5631,0,0,0
2023-04-24,ATM_4,Rural,12014,4641,0,0,0
2023-04-24,ATM_5,Rural,19032,8932,0,0,0
2023-04-25,ATM_1,Rural,18017,5297,1,0,0
2023-04-25,ATM_2,Urban,15689,9000,1,0,0
2023-04-25,ATM_3,Rural,19614,9097,1,0,0
2023-04-25,ATM_4,Rural,15591,6726,1,0,0
2023-04-25,ATM_5,Rural,12539,6959,1,0,0
2023-04-26,ATM_1,Urban,17361,11164,2,0,0
2023-04-26,ATM_2,Urban,16753,13100,2,0,0
2023-04-26,ATM_3,Urban,20976,11588,2,0,0
2023-04-26,ATM_4,Urban,22875,14086,2,0,0
2023-04-26,ATM_5,Urban,16062,7336,2,0,1
2023-04-27,ATM_1,Urban,22521,11171,3,0,0
2023-04-27,ATM_2,Rural,14624,4633,3,0,0
2023-04-27,ATM_3,Urban,18648,6537,3,0,0
2023-04-27,ATM_4,Urban,21985,5097,3,0,0
2023-04-27,ATM_5,Rural,13750,6157,3,0,0
2023-04-28,ATM_1,Urban,20413,9666,4,0,0
2023-04-28,ATM_2,Urban,16854,10055,4,0,0
2023-04-28,ATM_3,Urban,22369,14283,4,0,1
2023-04-28,ATM_4,Rural,16519,5791,4,0,0
2023-04-28,ATM_5,Rural,8781,6048,4,0,1
2023-04-29,ATM_1,Urban,16976,7113,5,0,0
2023-04-29,ATM_2,Urban,21259,12264,5,0,0
2023-04-29,ATM_3,Urban,18744,7426,5,0,0
2023-04-29,ATM_4,Urban,14551,11411,5,0,0
2023-04-29,ATM_5,Urban,12475,10416,5,0,0
2023-04-30,ATM_1,Urban,18710,10000,6,0,0
2023-04-30,ATM_2,Urban,15223,11971,6,0,1
2023-04-30,ATM_3,Urban,14822,9943,6,0,0
2023-04-30,ATM_4,Rural,6898,7135,6,0,1
2023-04-30,ATM_5,Urban,17110,12167,6,0,0
2023-05-01,ATM_1,Urban,15687,8690,0,0,0
2023-05-01,ATM_2,Urban,21509,14973,0,0,0
2023-05-01,ATM_3,Rural,17183,8248,0,0,0
2023-05-01,ATM_4,Urban,13604,5669,0,0,2
2023-05-01,ATM_5,Urban,16125,6529,0,0,0
2023-05-02,ATM_1,Urban,23004,14752,1,0,0
2023-05-02,ATM_2,Urban,22833,11788,1,0,0
2023-05-02,ATM_3,Rural,10264,4395,1,0,0
2023-05-02,ATM_4,Rural,17544,8514,1,0,0
2023-05-02,ATM_5,Rural,12504,5772,1,0,0
2023-05-03,ATM_1,Urban,13587,14177,2,0,1
2023-05-03,ATM_2,Urban,24433,13381,2,0,0
2023-05-03,ATM_3,Rural,16450,8038,2,0,0
2023-05-03,ATM_4,Urban,17326,14087,2,0,0
2023-05-03,ATM_5,Urban,14674,12950,2,0,1
2023-05-04,ATM_1,Urban,21049,6089,3,0,0
2023-05-04,ATM_2,Urban,24262,6958,3,0,0
2023-05-04,ATM_3,Urban,21144,10063,3,0,0
2023-05-04,ATM_4,Urban,24794,11659,3,0,0
2023-05-04,ATM_5,Rural,17358,7628,3,0,0
2023-05-05,ATM_1,Urban,23179,11115,4,0,0
2023-05-05,ATM_2,Rural,11787,7940,4,0,0
2023-05-05,ATM_3,Rural,14741,9362,4,0,0
2023-05-05,ATM_4,Urban,21701,7597,4,0,0
2023-05-05,ATM_5,Urban,20661,11142,4,0,0
2023-05-06,ATM_1,Urban,20472,5423,5,0,0
2023-05-06,ATM_2,Rural,6750,7757,5,0,1
2023-05-06,ATM_3,Rural,9946,4449,5,0,0
2023-05-06,ATM_4,Urban,17230,6531,5,0,1
2023-05-06,ATM_5,Urban,21335,5933,5,0,0
2023-05-07,ATM_1,Urban,12285,5264,6,0,0
2023-05-07,ATM_2,Urban,13762,5040,6,0,0
2023-05-07,ATM_3,Urban,17804,12789,6,0,1
2023-05-07,ATM_4,Urban,12374,9790,6,0,2
2023-05-07,ATM_5,Urban,12479,14885,6,0,1
2023-05-08,ATM_1,Urban,24777,6492,0,0,0
2023-05-08,ATM_2,Urban,24491,12851,0,0,0
2023-05-08,ATM_3,Urban,18516,14250,0,0,0
2023-05-08,ATM_4,Rural,15468,3342,0,0,1
2023-05-08,ATM_5,Urban,21317,5526,0,0,0
2023-05-09,ATM_1,Urban,19748,5405,1,0,1
2023-05-09,ATM_2,Urban,18740,6846,1,0,0
2023-05-09,ATM_3,Urban,20525,13770,1,0,0
2023-05-09,ATM_4,Urban,11185,7394,1,0,2
2023-05-09,ATM_5,Rural,19302,7005,1,0,0
2023-05-10,ATM_1,Urban,21716,9875,2,0,0
2023-05-10,ATM_2,Urban,16451,12616,2,0,1
2023-05-10,ATM_3,Urban,23333,10410,2,0,0
2023-05-10,ATM_4,Urban,20808,11796,2,0,0
2023-05-10,ATM_5,Urban,17976,14405,2,0,1
2023-05-11,ATM_1,Rural,12697,8926,3,0,1
2023-05-11,ATM_2,Rural,15482,5429,3,0,0
2023-05-11,ATM_3,Urban,17912,9648,3,0,1
2023-05-11,ATM_4,Rural,10182,6112,3,0,0
2023-05-11,ATM_5,Urban,16517,10002,3,0,0
2023-05-12,ATM_1,Urban,23210,11132,4,0,0
2023-05-12,ATM_2,Urban,21048,11246,4,0,0
2023-05-12,ATM_3,Rural,18365,8462,4,0,0
2023-05-12,ATM_4,Rural,11760,8806,4,0,1
2023-05-12,ATM_5,Rural,15443,3989,4,0,0
2023-05-13,ATM_1,Rural,8774,5459,5,0,0
2023-05-13,ATM_2,Urban,10331,12922,5,0,1
2023-05-13,ATM_3,Urban,15054,8868,5,0,1
2023-05-13,ATM_4,Urban,21101,9658,5,0,0
2023-05-13,ATM_5,Rural,7770,6155,5,0,0
2023-05-14,ATM_1,Urban,13628,5386,6,0,0
2023-05-14,ATM_2,Urban,16008,7466,6,0,0
2023-05-14,ATM_3,Urban,13998,10476,6,0,0
2023-05-14,ATM_4,Urban,16318,12064,6,0,0
2023-05-14,ATM_5,Rural,8819,5324,6,0,0
2023-05-15,ATM_1,Urban,17658,8500,0,0,0
2023-05-15,ATM_2,Urban,18259,6823,0,0,0
2023-05-15,ATM_3,Rural,14990,8160,0,0,1
2023-05-15,ATM_4,Urban,16141,6635,0,0,0
2023-05-15,ATM_5,Urban,18361,11583,0,0,0
2023-05-16,ATM_1,Urban,21564,14783,1,0,0
2023-05-16,ATM_2,Rural,13906,6273,1,0,1
2023-05-16,ATM_3,Urban,20546,6829,1,0,0
2023-05-16,ATM_4,Rural,13699,4463,1,0,0
2023-05-16,ATM_5,Rural,15744,4900,1,0,0
2023-05-17,ATM_1,Rural,13415,3442,2,0,0
2023-05-17,ATM_2,Urban,22833,14370,2,0,0
2023-05-17,ATM_3,Urban,22449,7309,2,0,1
2023-05-17,ATM_4,Rural,14009,9628,2,0,0
2023-05-17,ATM_5,Rural,18315,6158,2,0,0
2023-05-18,ATM_1,Urban,16344,7416,3,0,2
2023-05-18,ATM_2,Urban,20619,6936,3,0,0
2023-05-18,ATM_3,Urban,18236,7352,3,0,0
2023-05-18,ATM_4,Urban,19916,10498,3,0,0
2023-05-18,ATM_5,Rural,19569,4439,3,0,0
2023-05-19,ATM_1,Rural,10340,5989,4,0,0
2023-05-19,ATM_2,Urban,15138,5358,4,0,0
2023-05-19,ATM_3,Urban,24495,11626,4,0,0
2023-05-19,ATM_4,Urban,19652,11416,4,0,1
2023-05-19,ATM_5,Rural,19429,8880,4,0,0
2023-05-20,ATM_1,Rural,16190,5567,5,0,0
2023-05-20,ATM_2,Urban,15730,11207,5,0,0
2023-05-20,ATM_3,Urban,13708,8630,5,0,0
2023-05-20,ATM_4,Rural,13538,4510,5,0,0
2023-05-20,ATM_5,Urban,13960,5557,5,0,0
2023-05-21,ATM_1,Urban,7882,9761,6,0,2
2023-05-21,ATM_2,Rural,14166,7790,6,0,0
2023-05-21,ATM_3,Urban,20125,7454,6,0,0
2023-05-21,ATM_4,Urban,14808,11642,6,0,0
2023-05-21,ATM_5,Urban,13802,9699,6,0,1
2023-05-22,ATM_1,Rural,12819,3902,0,0,0
2023-05-22,ATM_2,Rural,11863,3115,0,0,0
2023-05-22,ATM_3,Urban,18935,12742,0,0,0
2023-05-22,ATM_4,Rural,19134,4724,0,0,0
2023-05-22,ATM_5,Rural,14117,6420,0,0,0
2023-05-23,ATM_1,Urban,15953,10929,1,0,1
2023-05-23,ATM_2,Urban,16227,11337,1,0,0
2023-05-23,ATM_3,Urban,24501,9152,1,0,0
2023-05-23,ATM_4,Rural,12537,5311,1,0,2
2023-05-23,ATM_5,Rural,18733,5694,1,0,0
2023-05-24,ATM_1,Urban,24764,11144,2,0,0
2023-05-24,ATM_2,Urban,23068,7235,2,0,0
2023-05-24,ATM_3,Urban,18747,8175,2,0,0
2023-05-24,ATM_4,Urban,22427,13605,2,0,0
2023-05-24,ATM_5,Urban,18655,12938,2,0,0
2023-05-25,ATM_1,Urban,20409,7092,3,0,0
2023-05-25,ATM_2,Rural,15647,8185,3,0,0
2023-05-25,ATM_3,Urban,22913,12547,3,0,0
2023-05-25,ATM_4,Rural,11497,8132,3,0,0
2023-05-25,ATM_5,Urban,20409,7951,3,0,0
2023-05-26,ATM_1,Urban,20686,14242,4,0,0
2023-05-26,ATM_2,Urban,17368,10789,4,0,0
2023-05-26,ATM_3,Rural,17480,4304,4,0,0
2023-05-26,ATM_4,Urban,20190,11687,4,0,1
2023-05-26,ATM_5,Urban,20575,6589,4,0,0
2023-05-27,ATM_1,Urban,18555,14203,5,0,0
2023-05-27,ATM_2,Urban,18846,7307,5,0,0
2023-05-27,ATM_3,Urban,17585,14227,5,0,0
2023-05-27,ATM_4,Urban,16945,12927,5,0,0
2023-05-27,ATM_5,Urban,19758,10086,5,0,0
2023-05-28,ATM_1,Urban,13809,8167,6,0,0
2023-05-28,ATM_2,Urban,19009,11056,6,0,1
2023-05-28,ATM_3,Urban,15951,10276,6,0,1
2023-05-28,ATM_4,Rural,10738,7232,6,0,1
2023-05-28,ATM_5,Rural,16010,5188,6,0,0
2023-05-29,ATM_1,Urban,21091,13662,0,0,0
2023-05-29,ATM_2,Urban,22094,11318,0,0,0
2023-05-29,ATM_3,Urban,24120,8607,0,0,0
2023-05-29,ATM_4,Rural,9888,4629,0,0,2
2023-05-29,ATM_5,Urban,20842,6316,0,0,0
2023-05-30,ATM_1,Urban,20423,7587,1,0,0
2023-05-30,ATM_2,Rural,11519,8777,1,0,0
2023-05-30,ATM_3,Urban,19968,14083,1,0,0
2023-05-30,ATM_4,Rural,18588,8219,1,0,0
2023-05-30,ATM_5,Rural,14424,6237,1,0,0
2023-05-31,ATM_1,Urban,15016,14388,2,0,1
2023-05-31,ATM_2,Urban,23967,12430,2,0,0
2023-05-31,ATM_3,Urban,21469,14131,2,0,0
2023-05-31,ATM_4,Urban,16461,10184,2,0,0
2023-05-31,ATM_5,Rural,11548,5096,2,0,0
2023-06-01,ATM_1,Urban,22982,7100,3,0,0
2023-06-01,ATM_2,Urban,18173,6815,3,0,0
2023-06-01,ATM_3,Rural,14493,3674,3,0,0
2023-06-01,ATM_4,Urban,17064,8253,3,0,0
2023-06-01,ATM_5,Urban,23931,6401,3,0,0
2023-06-02,ATM_1,Urban,18923,9214,4,0,0
2023-06-02,ATM_2,Rural,12745,9091,4,0,0
2023-06-02,ATM_3,Urban,20818,7222,4,0,0
2023-06-02,ATM_4,Rural,14063,8855,4,0,0
2023-06-02,ATM_5,Urban,19025,7566,4,0,0
2023-06-03,ATM_1,Urban,12719,11516,5,0,0
2023-06-03,ATM_2,Urban,11402,9552,5,0,2
2023-06-03,ATM_3,Urban,18835,13386,5,0,1
2023-06-03,ATM_4,Rural,10345,9555,5,0,1
2023-06-03,ATM_5,Urban,21433,13707,5,0,0
2023-06-04,ATM_1,Rural,14171,7529,6,0,1
2023-06-04,ATM_2,Urban,12277,5232,6,0,0
2023-06-04,ATM_3,Urban,12025,12468,6,0,0
2023-06-04,ATM_4,Urban,13599,10102,6,0,2
2023-06-04,ATM_5,Urban,13072,11707,6,0,0
2023-06-05,ATM_1,Urban,24784,7606,0,0,0
2023-06-05,ATM_2,Urban,24968,12763,0,0,0
2023-06-05,ATM_3,Urban,20685,6696,0,0,0
2023-06-05,ATM_4,Rural,12783,6644,0,0,0
2023-06-05,ATM_5,Rural,12557,6645,0,0,2
2023-06-06,ATM_1,Rural,11932,6294,1,0,0
2023-06-06,ATM_2,Urban,16116,5492,1,0,0
2023-06-06,ATM_3,Urban,19474,14738,1,0,1
2023-06-06,ATM_4,Urban,24467,7743,1,0,0
2023-06-06,ATM_5,Rural,12160,8451,1,0,2
2023-06-07,ATM_1,Urban,22186,11102,2,0,0
2023-06-07,ATM_2,Urban,24475,5619,2,0,0
2023-06-07,ATM_3,Rural,9296,7714,2,0,1
2023-06-07,ATM_4,Urban,10929,10366,2,0,2
2023-06-07,ATM_5,Urban,16423,11976,2,0,1
2023-06-08,ATM_1,Urban,18667,10973,3,0,0
2023-06-08,ATM_2,Rural,12468,9217,3,0,0
2023-06-08,ATM_3,Rural,14009,6326,3,0,0
2023-06-08,ATM_4,Urban,19967,7369,3,0,0
2023-06-08,ATM_5,Urban,17444,12618,3,0,1
2023-06-09,ATM_1,Rural,12787,4461,4,0,0
2023-06-09,ATM_2,Urban,15176,8743,4,0,1
2023-06-09,ATM_3,Urban,24171,7451,4,0,0
2023-06-09,ATM_4,Rural,11696,6430,4,0,1
2023-06-09,ATM_5,Urban,19369,13307,4,0,0
2023-06-10,ATM_1,Urban,13105,8008,5,0,0
2023-06-10,ATM_2,Urban,15699,8786,5,0,0
2023-06-10,ATM_3,Rural,16408,8520,5,0,0
2023-06-10,ATM_4,Urban,14780,12423,5,0,0
2023-06-10,ATM_5,Urban,18242,6132,5,0,0
2023-06-11,ATM_1,Urban,16297,12812,6,0,1
2023-06-11,ATM_2,Urban,21065,13275,6,0,0
2023-06-11,ATM_3,Urban,16316,11696,6,0,0
2023-06-11,ATM_4,Urban,16570,5270,6,0,0
2023-06-11,ATM_5,Rural,16582,6354,6,0,0
2023-06-12,ATM_1,Rural,13607,5583,0,0,0
2023-06-12,ATM_2,Urban,23120,11614,0,0,0
2023-06-12,ATM_3,Urban,15580,9958,0,0,0
2023-06-12,ATM_4,Urban,15824,8832,0,0,0
2023-06-12,ATM_5,Urban,24865,11534,0,0,0
2023-06-13,ATM_1,Urban,19307,10634,1,0,0
2023-06-13,ATM_2,Rural,13109,7082,1,0,0
2023-06-13,ATM_3,Urban,21028,6849,1,0,0
2023-06-13,ATM_4,Urban,21680,14327,1,0,0
2023-06-13,ATM_5,Rural,14591,6450,1,0,0
2023-06-14,ATM_1,Rural,15141,7308,2,0,0
2023-06-14,ATM_2,Urban,23463,8273,2,0,0
2023-06-14,ATM_3,Urban,23712,14168,2,0,0
2023-06-14,ATM_4,Rural,12832,6907,2,0,0
2023-06-14,ATM_5,Rural,15754,5964,2,0,0
2023-06-15,ATM_1,Urban,20310,14944,3,0,0
2023-06-15,ATM_2,Urban,17361,9199,3,0,2
2023-06-15,ATM_3,Urban,22365,8072,3,0,0
2023-06-15,ATM_4,Urban,15508,6661,3,0,0
2023-06-15,ATM_5,Urban,15680,7524,3,0,0
2023-06-16,ATM_1,Urban,16363,14523,4,0,0
2023-06-16,ATM_2,Urban,23752,14291,4,0,0
2023-06-16,ATM_3,Urban,19287,9160,4,0,0
2023-06-16,ATM_4,Urban,18171,6567,4,0,0
2023-06-16,ATM_5,Urban,21560,9946,4,0,1
2023-06-17,ATM_1,Rural,11173,5873,5,0,0
2023-06-17,ATM_2,Urban,16871,7972,5,0,1
2023-06-17,ATM_3,Rural,15112,8287,5,0,0
2023-06-17,ATM_4,Urban,18426,5389,5,0,0
2023-06-17,ATM_5,Urban,15125,13850,5,0,2
2023-06-18,ATM_1,Urban,13481,12256,6,0,0
2023-06-18,ATM_2,Urban,21729,8093,6,0,0
2023-06-18,ATM_3,Urban,15277,13566,6,0,0
2023-06-18,ATM_4,Urban,14690,9595,6,0,1
2023-06-18,ATM_5,Urban,12112,10131,6,0,0
2023-06-19,ATM_1,Urban,15139,6424,0,0,0
2023-06-19,ATM_2,Rural,16043,9989,0,0,0
2023-06-19,ATM_3,Urban,18104,5049,0,0,0
2023-06-19,ATM_4,Urban,21340,13058,0,0,0
2023-06-19,ATM_5,Urban,23643,11432,0,0,0
2023-06-20,ATM_1,Urban,24741,11358,1,0,0
2023-06-20,ATM_2,Urban,19855,11547,1,0,0
2023-06-20,ATM_3,Urban,17761,9456,1,0,0
2023-06-20,ATM_4,Rural,15788,3201,1,0,0
2023-06-20,ATM_5,Urban,19533,6988,1,0,2
2023-06-21,ATM_1,Urban,18802,10808,2,0,0
2023-06-21,ATM_2,Urban,21241,13399,2,0,0
2023-06-21,ATM_3,Urban,21309,9117,2,0,0
2023-06-21,ATM_4,Urban,16518,11163,2,0,0
2023-06-21,ATM_5,Urban,18554,7849,2,0,0
2023-06-22,ATM_1,Rural,11306,6849,3,0,0
2023-06-22,ATM_2,Urban,19195,10178,3,0,0
2023-06-22,ATM_3,Urban,22280,7642,3,0,1
2023-06-22,ATM_4,Urban,19757,7994,3,0,0
2023-06-22,ATM_5,Rural,11813,5915,3,0,0
2023-06-23,ATM_1,Rural,18475,8568,4,0,0
2023-06-23,ATM_2,Urban,15816,12304,4,0,0
2023-06-23,ATM_3,Urban,12093,12071,4,0,2
2023-06-23,ATM_4,Urban,14937,5369,4,0,2
2023-06-23,ATM_5,Rural,11779,4364,4,0,0
2023-06-24,ATM_1,Rural,10676,5426,5,0,0
2023-06-24,ATM_2,Rural,7859,6856,5,0,0
2023-06-24,ATM_3,Urban,16017,13560,5,0,0
2023-06-24,ATM_4,Rural,12166,8119,5,0,0
2023-06-24,ATM_5,Urban,16164,7346,5,0,0
2023-06-25,ATM_1,Urban,20252,10041,6,0,0
2023-06-25,ATM_2,Rural,11426,4551,6,0,0
2023-06-25,ATM_3,Urban,16865,6361,6,0,2
2023-06-25,ATM_4,Rural,12610,5366,6,0,1
2023-06-25,ATM_5,Urban,13993,5869,6,0,0
2023-06-26,ATM_1,Rural,10690,3493,0,0,0
2023-06-26,ATM_2,Urban,20786,13024,0,0,1
2023-06-26,ATM_3,Urban,15912,14909,0,0,1
2023-06-26,ATM_4,Rural,13258,9996,0,0,0
2023-06-26,ATM_5,Urban,18307,13933,0,0,1
2023-06-27,ATM_1,Urban,20738,10668,1,0,0
2023-06-27,ATM_2,Rural,10062,5559,1,0,0
2023-06-27,ATM_3,Urban,21915,13326,1,0,0
2023-06-27,ATM_4,Urban,23003,8278,1,0,0
2023-06-27,ATM_5,Urban,23312,12552,1,0,0
2023-06-28,ATM_1,Rural,19116,3644,2,0,0
2023-06-28,ATM_2,Rural,8241,9598,2,0,1
2023-06-28,ATM_3,Rural,8802,8059,2,0,1
2023-06-28,ATM_4,Urban,17330,9841,2,0,0
2023-06-28,ATM_5,Urban,18927,11296,2,0,0
2023-06-29,ATM_1,Rural,18758,6935,3,0,0
2023-06-29,ATM_2,Rural,11200,7409,3,0,0
2023-06-29,ATM_3,Rural,17428,9972,3,0,1
2023-06-29,ATM_4,Urban,17594,12206,3,0,0
2023-06-29,ATM_5,Urban,13086,11219,3,0,1
2023-06-30,ATM_1,Rural,16968,5942,4,0,0
2023-06-30,ATM_2,Urban,16700,7700,4,0,0
2023-06-30,ATM_3,Rural,11647,9038,4,0,0
2023-06-30,ATM_4,Urban,15596,9545,4,0,0
2023-06-30,ATM_5,Urban,19757,9384,4,0,0
2023-07-01,ATM_1,Urban,19081,13690,5,0,0
2023-07-01,ATM_2,Urban,20306,14928,5,0,0
2023-07-01,ATM_3,Urban,14294,8630,5,0,0
2023-07-01,ATM_4,Urban,15453,9507,5,0,0
2023-07-01,ATM_5,Urban,15328,8360,5,0,2
2023-07-02,ATM_1,Urban,18318,10097,6,0,0
2023-07-02,ATM_2,Urban,17618,9236,6,0,0
2023-07-02,ATM_3,Rural,7238,3204,6,0,0
2023-07-02,ATM_4,Urban,16390,7687,6,0,0
2023-07-02,ATM_5,Rural,12388,4348,6,0,0
2023-07-03,ATM_1,Rural,10816,8222,0,0,0
2023-07-03,ATM_2,Urban,21314,13442,0,0,0
2023-07-03,ATM_3,Urban,18700,14359,0,0,0
2023-07-03,ATM_4,Urban,17679,8904,0,0,0
2023-07-03,ATM_5,Urban,22579,11773,0,0,1
2023-07-04,ATM_1,Rural,9434,3658,1,1,0
2023-07-04,ATM_2,Rural,7994,7234,1,1,1
2023-07-04,ATM_3,Urban,19447,11801,1,1,0
2023-07-04,ATM_4,Rural,8719,5581,1,1,0
2023-07-04,ATM_5,Urban,15991,8406,1,1,0
2023-07-05,ATM_1,Urban,19780,9177,2,0,0
2023-07-05,ATM_2,Urban,15382,5531,2,0,1
2023-07-05,ATM_3,Rural,10002,8813,2,0,0
2023-07-05,ATM_4,Rural,15626,9003,2,0,0
2023-07-05,ATM_5,Urban,21239,13026,2,0,0
2023-07-06,ATM_1,Urban,22471,5670,3,0,1
2023-07-06,ATM_2,Rural,15167,4955,3,0,0
2023-07-06,ATM_3,Rural,11892,6439,3,0,0
2023-07-06,ATM_4,Rural,11792,6426,3,0,1
2023-07-06,ATM_5,Urban,18612,7618,3,0,0
2023-07-07,ATM_1,Urban,23411,6925,4,0,0
2023-07-07,ATM_2,Rural,8990,5946,4,0,1
2023-07-07,ATM_3,Urban,15489,10876,4,0,0
2023-07-07,ATM_4,Urban,24897,8516,4,0,0
2023-07-07,ATM_5,Rural,10615,8178,4,0,0
2023-07-08,ATM_1,Urban,13629,11859,5,0,0
2023-07-08,ATM_2,Rural,12455,5640,5,0,0
2023-07-08,ATM_3,Urban,12370,5857,5,0,0
2023-07-08,ATM_4,Urban,7383,9334,5,0,2
2023-07-08,ATM_5,Urban,18204,11111,5,0,0
2023-07-09,ATM_1,Urban,12922,7915,6,0,0
2023-07-09,ATM_2,Rural,16166,4230,6,0,0
2023-07-09,ATM_3,Rural,11933,9103,6,0,0
2023-07-09,ATM_4,Urban,12203,5160,6,0,0
2023-07-09,ATM_5,Urban,18718,7581,6,0,0
2023-07-10,ATM_1,Urban,18710,14732,0,0,1
2023-07-10,ATM_2,Urban,16759,7103,0,0,1
2023-07-10,ATM_3,Urban,23092,9172,0,0,0
2023-07-10,ATM_4,Rural,10378,4205,0,0,1
2023-07-10,ATM_5,Rural,14867,3298,0,0,2
2023-07-11,ATM_1,Rural,9474,7460,1,0,1
2023-07-11,ATM_2,Urban,21396,7828,1,0,0
2023-07-11,ATM_3,Urban,17964,9594,1,0,0
2023-07-11,ATM_4,Urban,21644,7850,1,0,0
2023-07-11,ATM_5,Urban,15919,13305,1,0,0
2023-07-12,ATM_1,Rural,13839,4258,2,0,0
2023-07-12,ATM_2,Urban,17804,5067,2,0,1
2023-07-12,ATM_3,Rural,13521,9217,2,0,0
2023-07-12,ATM_4,Urban,17258,11039,2,0,0
2023-07-12,ATM_5,Urban,17587,12876,2,0,0
2023-07-13,ATM_1,Urban,20780,7827,3,0,0
2023-07-13,ATM_2,Urban,15217,8539,3,0,1
2023-07-13,ATM_3,Rural,14383,6978,3,0,0
2023-07-13,ATM_4,Rural,16837,8841,3,0,0
2023-07-13,ATM_5,Urban,22131,8716,3,0,1
2023-07-14,ATM_1,Urban,17904,7505,4,0,0
2023-07-14,ATM_2,Urban,21982,12427,4,0,0
2023-07-14,ATM_3,Urban,24941,12086,4,0,0
2023-07-14,ATM_4,Urban,16505,9529,4,0,1
2023-07-14,ATM_5,Rural,15162,3206,4,0,0
2023-07-15,ATM_1,Rural,12389,9309,5,0,1
2023-07-15,ATM_2,Urban,17213,9108,5,0,0
2023-07-15,ATM_3,Urban,14789,8875,5,0,0
2023-07-15,ATM_4,Urban,18055,8882,5,0,0
2023-07-15,ATM_5,Urban,19129,10021,5,0,0
2023-07-16,ATM_1,Rural,13582,8263,6,0,0
2023-07-16,ATM_2,Urban,12975,12212,6,0,0
2023-07-16,ATM_3,Rural,14382,9231,6,0,0
2023-07-16,ATM_4,Rural,9259,4828,6,0,0
2023-07-16,ATM_5,Rural,13774,9968,6,0,0
2023-07-17,ATM_1,Urban,16805,11419,0,0,1
2023-07-17,ATM_2,Urban,18856,8135,0,0,0
2023-07-17,ATM_3,Rural,14589,4546,0,0,0
2023-07-17,ATM_4,Rural,12617,8921,0,0,0
2023-07-17,ATM_5,Urban,17775,11628,0,0,0
2023-07-18,ATM_1,Urban,18775,10415,1,0,2
2023-07-18,ATM_2,Urban,21026,13301,1,0,0
2023-07-18,ATM_3,Urban,21711,14275,1,0,0
2023-07-18,ATM_4,Rural,17587,3636,1,0,0
2023-07-18,ATM_5,Urban,15457,11079,1,0,2
2023-07-19,ATM_1,Urban,17542,7011,2,0,2
2023-07-19,ATM_2,Urban,16289,6447,2,0,0
2023-07-19,ATM_3,Urban,21059,8183,2,0,0
2023-07-19,ATM_4,Urban,16136,8318,2,0,1
2023-07-19,ATM_5,Rural,16324,9327,2,0,0
2023-07-20,ATM_1,Urban,20208,5687,3,0,0
2023-07-20,ATM_2,Urban,18080,10518,3,0,2
2023-07-20,ATM_3,Urban,24718,9774,3,0,0
2023-07-20,ATM_4,Urban,19135,12124,3,0,0
2023-07-20,ATM_5,Urban,15446,8915,3,0,0
2023-07-21,ATM_1,Urban,13226,9143,4,0,1
2023-07-21,ATM_2,Urban,15186,7535,4,0,0
2023-07-21,ATM_3,Urban,11252,10509,4,0,2
2023-07-21,ATM_4,Urban,16881,5269,4,0,0
2023-07-21,ATM_5,Urban,16574,6695,4,0,0
2023-07-22,ATM_1,Urban,18263,13411,5,0,0
2023-07-22,ATM_2,Urban,11666,11901,5,0,1
2023-07-22,ATM_3,Rural,13855,5294,5,0,0
2023-07-22,ATM_4,Urban,21421,14759,5,0,0
2023-07-22,ATM_5,Rural,7698,8296,5,0,0
2023-07-23,ATM_1,Rural,14869,3307,6,0,0
2023-07-23,ATM_2,Urban,16820,8558,6,0,0
2023-07-23,ATM_3,Urban,14985,13112,6,0,0
2023-07-23,ATM_4,Urban,14979,8968,6,0,0
2023-07-23,ATM_5,Urban,15129,10447,6,0,0
2023-07-24,ATM_1,Rural,18519,4799,0,0,0
2023-07-24,ATM_2,Rural,14876,4520,0,0,0
2023-07-24,ATM_3,Rural,10886,6073,0,0,0
2023-07-24,ATM_4,Rural,13357,3870,0,0,0
2023-07-24,ATM_5,Rural,11117,6409,0,0,0
2023-07-25,ATM_1,Urban,16647,11992,1,0,0
2023-07-25,ATM_2,Urban,17761,8435,1,0,0
2023-07-25,ATM_3,Urban,22069,9512,1,0,0
2023-07-25,ATM_4,Rural,11072,4067,1,0,1
2023-07-25,ATM_5,Urban,24480,8871,1,0,0
2023-07-26,ATM_1,Urban,22117,10048,2,0,0
2023-07-26,ATM_2,Urban,22536,8303,2,0,1
2023-07-26,ATM_3,Urban,22850,11416,2,0,0
2023-07-26,ATM_4,Urban,24940,8924,2,0,0
2023-07-26,ATM_5,Rural,16100,3492,2,0,1
2023-07-27,ATM_1,Rural,19448,4968,3,0,0
2023-07-27,ATM_2,Urban,24008,12282,3,0,0
2023-07-27,ATM_3,Urban,24062,9763,3,0,0
2023-07-27,ATM_4,Urban,16051,14765,3,0,0
2023-07-27,ATM_5,Rural,14320,6747,3,0,1
2023-07-28,ATM_1,Rural,13359,8072,4,0,0
2023-07-28,ATM_2,Rural,11517,9226,4,0,0
2023-07-28,ATM_3,Urban,23039,9891,4,0,0
2023-07-28,ATM_4,Urban,21603,9567,4,0,0
2023-07-28,ATM_5,Urban,22114,5183,4,0,1
2023-07-29,ATM_1,Urban,18797,13728,5,0,0
2023-07-29,ATM_2,Rural,13653,9773,5,0,0
2023-07-29,ATM_3,Urban,20002,9247,5,0,0
2023-07-29,ATM_4,Rural,7270,4186,5,0,0
2023-07-29,ATM_5,Urban,18305,7398,5,0,0
2023-07-30,ATM_1,Urban,19299,9182,6,0,0
2023-07-30,ATM_2,Urban,21461,8672,6,0,0
2023-07-30,ATM_3,Rural,10552,3627,6,0,1
2023-07-30,ATM_4,Urban,14341,10884,6,0,0
2023-07-30,ATM_5,Urban,17043,5974,6,0,0
2023-07-31,ATM_1,Urban,24080,7672,0,0,0
2023-07-31,ATM_2,Urban,23662,6987,0,0,0
2023-07-31,ATM_3,Urban,17773,14878,0,0,0
2023-07-31,ATM_4,Urban,19440,12347,0,0,0
2023-07-31,ATM_5,Urban,17668,9287,0,0,1
2023-08-01,ATM_1,Urban,15310,9538,1,0,0
2023-08-01,ATM_2,Rural,10584,8690,1,0,0
2023-08-01,ATM_3,Urban,17866,10898,1,0,0
2023-08-01,ATM_4,Urban,16625,5890,1,0,0
2023-08-01,ATM_5,Rural,17036,8557,1,0,0
2023-08-02,ATM_1,Urban,23806,8806,2,0,0
2023-08-02,ATM_2,Rural,16686,4587,2,0,0
2023-08-02,ATM_3,Urban,23469,9647,2,0,0
2023-08-02,ATM_4,Rural,16837,4449,2,0,0
2023-08-02,ATM_5,Rural,16869,5658,2,0,1
2023-08-03,ATM_1,Urban,18758,10904,3,0,0
2023-08-03,ATM_2,Urban,23848,5165,3,0,0
2023-08-03,ATM_3,Urban,17821,11509,3,0,0
2023-08-03,ATM_4,Urban,18580,12962,3,0,0
2023-08-03,ATM_5,Rural,11015,5722,3,0,0
2023-08-04,ATM_1,Urban,22984,5406,4,0,0
2023-08-04,ATM_2,Urban,15985,9485,4,0,0
2023-08-04,ATM_3,Urban,21289,14603,4,0,0
2023-08-04,ATM_4,Urban,22566,9670,4,0,0
2023-08-04,ATM_5,Rural,17504,5466,4,0,0
2023-08-05,ATM_1,Urban,20095,11265,5,0,0
2023-08-05,ATM_2,Rural,11524,7240,5,0,1
2023-08-05,ATM_3,Rural,5000,7895,5,0,2
2023-08-05,ATM_4,Rural,16343,5445,5,0,0
2023-08-05,ATM_5,Urban,15907,5807,5,0,0
2023-08-06,ATM_1,Urban,14524,14499,6,0,1
2023-08-06,ATM_2,Urban,12757,9887,6,0,0
2023-08-06,ATM_3,Rural,10558,4580,6,0,0
2023-08-06,ATM_4,Rural,16067,5418,6,0,0
2023-08-06,ATM_5,Urban,19119,9066,6,0,0
2023-08-07,ATM_1,Urban,20316,5422,0,0,0
2023-08-07,ATM_2,Rural,14316,5710,0,0,1
2023-08-07,ATM_3,Rural,11657,5541,0,0,0
2023-08-07,ATM_4,Urban,17053,13479,0,0,0
2023-08-07,ATM_5,Urban,21009,5607,0,0,0
2023-08-08,ATM_1,Urban,22221,7671,1,0,1
2023-08-08,ATM_2,Rural,13177,6722,1,0,0
2023-08-08,ATM_3,Rural,15054,4475,1,0,0
2023-08-08,ATM_4,Urban,15725,12701,1,0,0
2023-08-08,ATM_5,Urban,17806,13970,1,0,0
2023-08-09,ATM_1,Urban,22483,7123,2,0,0
2023-08-09,ATM_2,Urban,24032,6814,2,0,0
2023-08-09,ATM_3,Urban,15931,7971,2,0,1
2023-08-09,ATM_4,Urban,18096,6609,2,0,0
2023-08-09,ATM_5,Rural,16782,4960,2,0,0
2023-08-10,ATM_1,Urban,22905,14993,3,0,0
2023-08-10,ATM_2,Urban,21548,12381,3,0,0
2023-08-10,ATM_3,Rural,12941,8695,3,0,0
2023-08-10,ATM_4,Urban,24169,11197,3,0,0
2023-08-10,ATM_5,Urban,20874,6553,3,0,0
2023-08-11,ATM_1,Rural,16799,9405,4,0,0
2023-08-11,ATM_2,Rural,18430,9447,4,0,0
2023-08-11,ATM_3,Urban,20877,11785,4,0,0
2023-08-11,ATM_4,Urban,19686,6902,4,0,0
2023-08-11,ATM_5,Urban,17059,5140,4,0,0
2023-08-12,ATM_1,Rural,5464,7471,5,0,1
2023-08-12,ATM_2,Urban,12089,9815,5,0,0
2023-08-12,ATM_3,Urban,21117,11543,5,0,0
2023-08-12,ATM_4,Urban,19347,8195,5,0,0
2023-08-12,ATM_5,Rural,10982,7323,5,0,0
2023-08-13,ATM_1,Urban,16713,8092,6,0,0
2023-08-13,ATM_2,Rural,15476,8779,6,0,0
2023-08-13,ATM_3,Rural,10969,5965,6,0,0
2023-08-13,ATM_4,Urban,21141,8939,6,0,0
2023-08-13,ATM_5,Urban,21021,6909,6,0,0
2023-08-14,ATM_1,Urban,13931,12910,0,0,1
2023-08-14,ATM_2,Urban,21382,8406,0,0,0
2023-08-14,ATM_3,Rural,18579,6121,0,0,0
2023-08-14,ATM_4,Urban,21781,8748,0,0,0
2023-08-14,ATM_5,Urban,20929,11792,0,0,0
2023-08-15,ATM_1,Urban,11170,13681,1,0,2
2023-08-15,ATM_2,Rural,15308,5462,1,0,0
2023-08-15,ATM_3,Urban,20953,9282,1,0,0
2023-08-15,ATM_4,Urban,17363,13151,1,0,0
2023-08-15,ATM_5,Urban,20469,5244,1,0,1
2023-08-16,ATM_1,Urban,20002,5886,2,0,0
2023-08-16,ATM_2,Urban,23497,14099,2,0,0
2023-08-16,ATM_3,Urban,14371,12135,2,0,1
2023-08-16,ATM_4,Urban,21761,11854,2,0,0
2023-08-16,ATM_5,Urban,22323,11553,2,0,1
2023-08-17,ATM_1,Urban,22498,11636,3,0,0
2023-08-17,ATM_2,Urban,17842,7229,3,0,0
2023-08-17,ATM_3,Urban,17077,12845,3,0,0
2023-08-17,ATM_4,Urban,19873,13635,3,0,0
2023-08-17,ATM_5,Rural,11015,4384,3,0,0
2023-08-18,ATM_1,Urban,16269,6260,4,0,0
2023-08-18,ATM_2,Urban,18672,10593,4,0,1
2023-08-18,ATM_3,Urban,22240,9683,4,0,0
2023-08-18,ATM_4,Urban,18809,10807,4,0,0
2023-08-18,ATM_5,Urban,16409,14886,4,0,0
2023-08-19,ATM_1,Rural,15718,9667,5,0,0
2023-08-19,ATM_2,Urban,12279,8977,5,0,0
2023-08-19,ATM_3,Urban,19943,8981,5,0,1
2023-08-19,ATM_4,Rural,11135,8573,5,0,1
2023-08-19,ATM_5,Rural,11535,5776,5,0,0
2023-08-20,ATM_1,Urban,17697,13386,6,0,1
2023-08-20,ATM_2,Urban,21615,10060,6,0,0
2023-08-20,ATM_3,Urban,17581,7014,6,0,0
2023-08-20,ATM_4,Urban,19148,12766,6,0,0
2023-08-20,ATM_5,Urban,17919,10675,6,0,0
2023-08-21,ATM_1,Rural,14651,3609,0,0,0
2023-08-21,ATM_2,Urban,19998,5615,0,0,1
2023-08-21,ATM_3,Urban,15864,6268,0,0,0
2023-08-21,ATM_4,Rural,15229,5237,0,0,0
2023-08-21,ATM_5,Urban,19394,12891,0,0,1
2023-08-22,ATM_1,Urban,15325,14726,1,0,0
2023-08-22,ATM_2,Urban,19932,9603,1,0,0
2023-08-22,ATM_3,Urban,23832,12754,1,0,0
2023-08-22,ATM_4,Rural,9042,9197,1,0,2
2023-08-22,ATM_5,Rural,6581,4986,1,0,2
2023-08-23,ATM_1,Rural,18320,8968,2,0,0
2023-08-23,ATM_2,Urban,17103,7076,2,0,1
2023-08-23,ATM_3,Urban,20594,12531,2,0,0
2023-08-23,ATM_4,Urban,18144,5242,2,0,0
2023-08-23,ATM_5,Urban,21828,13362,2,0,0
2023-08-24,ATM_1,Urban,16499,7158,3,0,0
2023-08-24,ATM_2,Urban,17039,7035,3,0,1
2023-08-24,ATM_3,Urban,21770,14241,3,0,0
2023-08-24,ATM_4,Urban,19232,9306,3,0,0
2023-08-24,ATM_5,Rural,10326,7062,3,0,2
2023-08-25,ATM_1,Urban,17657,8346,4,0,0
2023-08-25,ATM_2,Urban,19837,13105,4,0,0
2023-08-25,ATM_3,Urban,11466,8957,4,0,2
2023-08-25,ATM_4,Rural,16502,6388,4,0,0
2023-08-25,ATM_5,Rural,11893,8997,4,0,0
2023-08-26,ATM_1,Urban,15540,8892,5,0,1
2023-08-26,ATM_2,Urban,20792,13572,5,0,0
2023-08-26,ATM_3,Rural,16290,8599,5,0,0
2023-08-26,ATM_4,Rural,14382,5476,5,0,0
2023-08-26,ATM_5,Urban,20504,9633,5,0,0
2023-08-27,ATM_1,Rural,14008,5829,6,0,0
2023-08-27,ATM_2,Urban,12272,6773,6,0,0
2023-08-27,ATM_3,Urban,12946,5506,6,0,0
2023-08-27,ATM_4,Urban,20435,13697,6,0,0
2023-08-27,ATM_5,Urban,17657,8590,6,0,1
2023-08-28,ATM_1,Urban,11192,6464,0,0,2
2023-08-28,ATM_2,Urban,21106,13864,0,0,0
2023-08-28,ATM_3,Urban,24121,6539,0,0,0
2023-08-28,ATM_4,Rural,18921,4283,0,0,0
2023-08-28,ATM_5,Urban,19386,5919,0,0,0
2023-08-29,ATM_1,Rural,15930,8402,1,0,0
2023-08-29,ATM_2,Urban,20275,5507,1,0,0
2023-08-29,ATM_3,Rural,17354,6102,1,0,0
2023-08-29,ATM_4,Urban,19399,10037,1,0,0
2023-08-29,ATM_5,Rural,13715,9685,1,0,0
2023-08-30,ATM_1,Urban,17155,11411,2,0,0
2023-08-30,ATM_2,Rural,10692,7350,2,0,0
2023-08-30,ATM_3,Rural,10441,4881,2,0,0
2023-08-30,ATM_4,Rural,14677,4735,2,0,0
2023-08-30,ATM_5,Rural,17933,8476,2,0,0
2023-08-31,ATM_1,Urban,19089,12396,3,0,1
2023-08-31,ATM_2,Rural,13494,3904,3,0,0
2023-08-31,ATM_3,Rural,19756,4184,3,0,0
2023-08-31,ATM_4,Urban,20811,10606,3,0,0
2023-08-31,ATM_5,Urban,17306,14350,3,0,0
2023-09-01,ATM_1,Rural,15540,4209,4,0,0
2023-09-01,ATM_2,Urban,19675,14082,4,0,0
2023-09-01,ATM_3,Urban,21748,11103,4,0,0
2023-09-01,ATM_4,Urban,15181,14641,4,0,1
2023-09-01,ATM_5,Rural,19782,8882,4,0,0
2023-09-02,ATM_1,Rural,16627,3223,5,0,0
2023-09-02,ATM_2,Urban,20456,14145,5,0,0
2023-09-02,ATM_3,Urban,14774,10673,5,0,0
2023-09-02,ATM_4,Urban,19081,8854,5,0,1
2023-09-02,ATM_5,Urban,17506,7395,5,0,0
2023-09-03,ATM_1,Urban,17515,7670,6,0,0
2023-09-03,ATM_2,Rural,5138,3903,6,0,2
2023-09-03,ATM_3,Urban,16270,11019,6,0,0
2023-09-03,ATM_4,Urban,20022,10452,6,0,0
2023-09-03,ATM_5,Rural,13477,4016,6,0,0
2023-09-04,ATM_1,Rural,14321,6496,0,0,0
2023-09-04,ATM_2,Rural,19643,9144,0,0,0
2023-09-04,ATM_3,Urban,20831,7999,0,0,0
2023-09-04,ATM_4,Urban,22915,6689,0,0,1
2023-09-04,ATM_5,Rural,18611,5936,0,0,0
2023-09-05,ATM_1,Urban,24642,10649,1,0,0
2023-09-05,ATM_2,Rural,11819,5705,1,0,0
2023-09-05,ATM_3,Urban,17226,6079,1,0,0
2023-09-05,ATM_4,Urban,22235,5813,1,0,0
2023-09-05,ATM_5,Rural,19095,4541,1,0,0
2023-09-06,ATM_1,Rural,12653,5476,2,0,0
2023-09-06,ATM_2,Urban,16141,14041,2,0,0
2023-09-06,ATM_3,Rural,12038,5860,2,0,0
2023-09-06,ATM_4,Urban,13494,12116,2,0,1
2023-09-06,ATM_5,Urban,18786,10266,2,0,0
2023-09-07,ATM_1,Rural,16893,8133,3,0,0
2023-09-07,ATM_2,Rural,14658,5934,3,0,0
2023-09-07,ATM_3,Urban,21219,9534,3,0,0
2023-09-07,ATM_4,Urban,16312,7962,3,0,0
2023-09-07,ATM_5,Urban,18197,10296,3,0,0
2023-09-08,ATM_1,Rural,8126,8602,4,0,1
2023-09-08,ATM_2,Urban,16366,14211,4,0,0
2023-09-08,ATM_3,Rural,14539,3684,4,0,0
2023-09-08,ATM_4,Urban,19086,7261,4,0,0
2023-09-08,ATM_5,Rural,14040,6560,4,0,1
2023-09-09,ATM_1,Urban,17014,6375,5,0,0
2023-09-09,ATM_2,Urban,17974,8534,5,0,0
2023-09-09,ATM_3,Urban,17014,6882,5,0,0
2023-09-09,ATM_4,Urban,16530,5681,5,0,0
2023-09-09,ATM_5,Urban,14693,14562,5,0,0
2023-09-10,ATM_1,Urban,19966,7580,6,0,0
2023-09-10,ATM_2,Rural,13772,4627,6,0,0
2023-09-10,ATM_3,Urban,21713,13488,6,0,0
2023-09-10,ATM_4,Urban,14597,5901,6,0,0
2023-09-10,ATM_5,Urban,17622,13052,6,0,0
2023-09-11,ATM_1,Urban,21079,14456,0,0,0
2023-09-11,ATM_2,Urban,16058,7048,0,0,0
2023-09-11,ATM_3,Urban,19603,8553,0,0,0
2023-09-11,ATM_4,Rural,14818,7623,0,0,0
2023-09-11,ATM_5,Urban,22209,9576,0,0,0
2023-09-12,ATM_1,Urban,16462,10521,1,0,0
2023-09-12,ATM_2,Urban,22813,7068,1,0,0
2023-09-12,ATM_3,Urban,21191,6514,1,0,0
2023-09-12,ATM_4,Urban,21899,13465,1,0,0
2023-09-12,ATM_5,Urban,15478,5515,1,0,0
2023-09-13,ATM_1,Urban,21297,14603,2,0,0
2023-09-13,ATM_2,Urban,21008,12987,2,0,0
2023-09-13,ATM_3,Rural,16222,4681,2,0,0
2023-09-13,ATM_4,Rural,14915,8033,2,0,1
2023-09-13,ATM_5,Rural,14712,8127,2,0,0
2023-09-14,ATM_1,Urban,19616,6140,3,0,0
2023-09-14,ATM_2,Urban,20465,14379,3,0,1
2023-09-14,ATM_3,Urban,22675,13264,3,0,0
2023-09-14,ATM_4,Rural,10571,3790,3,0,0
2023-09-14,ATM_5,Urban,14174,5178,3,0,1
2023-09-15,ATM_1,Rural,10798,3787,4,0,0
2023-09-15,ATM_2,Urban,22297,8084,4,0,0
2023-09-15,ATM_3,Urban,16605,7933,4,0,0
2023-09-15,ATM_4,Urban,22099,6490,4,0,0
2023-09-15,ATM_5,Urban,17479,7263,4,0,1
2023-09-16,ATM_1,Rural,8515,9326,5,0,0
2023-09-16,ATM_2,Urban,17731,12686,5,0,0
2023-09-16,ATM_3,Urban,13167,13302,5,0,0
2023-09-16,ATM_4,Urban,13793,14947,5,0,1
2023-09-16,ATM_5,Urban,21488,7220,5,0,0
2023-09-17,ATM_1,Rural,11691,6992,6,0,1
2023-09-17,ATM_2,Rural,9181,9428,6,0,0
2023-09-17,ATM_3,Urban,19037,14499,6,0,0
2023-09-17,ATM_4,Rural,11221,3687,6,0,1
2023-09-17,ATM_5,Urban,19389,9922,6,0,0
2023-09-18,ATM_1,Rural,11797,8178,0,0,1
2023-09-18,ATM_2,Rural,7716,3190,0,0,2
2023-09-18,ATM_3,Urban,15378,8829,0,0,0
2023-09-18,ATM_4,Urban,14754,5463,0,0,1
2023-09-18,ATM_5,Rural,13624,8242,0,0,0
2023-09-19,ATM_1,Rural,18881,5622,1,0,0
2023-09-19,ATM_2,Rural,10382,5256,1,0,0
2023-09-19,ATM_3,Urban,19146,5371,1,0,1
2023-09-19,ATM_4,Rural,17437,3446,1,0,0
2023-09-19,ATM_5,Rural,10939,8143,1,0,1
2023-09-20,ATM_1,Urban,19813,8569,2,0,0
2023-09-20,ATM_2,Urban,16414,9657,2,0,2
2023-09-20,ATM_3,Urban,19482,9797,2,0,0
2023-09-20,ATM_4,Rural,10983,8607,2,0,0
2023-09-20,ATM_5,Urban,16907,11924,2,0,0
2023-09-21,ATM_1,Rural,19080,4105,3,0,0
2023-09-21,ATM_2,Urban,16998,8775,3,0,1
2023-09-21,ATM_3,Urban,19487,9435,3,0,0
2023-09-21,ATM_4,Urban,22951,11449,3,0,0
2023-09-21,ATM_5,Urban,22440,13633,3,0,0
2023-09-22,ATM_1,Urban,19054,6505,4,0,1
2023-09-22,ATM_2,Rural,16468,6731,4,0,0
2023-09-22,ATM_3,Urban,24928,11852,4,0,0
2023-09-22,ATM_4,Rural,18042,5659,4,0,0
2023-09-22,ATM_5,Urban,17721,14654,4,0,0
2023-09-23,ATM_1,Rural,16824,9673,5,0,0
2023-09-23,ATM_2,Rural,7512,3215,5,0,0
2023-09-23,ATM_3,Urban,19450,6706,5,0,0
2023-09-23,ATM_4,Rural,8128,6510,5,0,0
2023-09-23,ATM_5,Urban,12583,9897,5,0,2
2023-09-24,ATM_1,Urban,21271,7741,6,0,0
2023-09-24,ATM_2,Urban,12294,9284,6,0,0
2023-09-24,ATM_3,Urban,10918,5498,6,0,1
2023-09-24,ATM_4,Urban,15779,7118,6,0,0
2023-09-24,ATM_5,Urban,11565,5192,6,0,2
2023-09-25,ATM_1,Rural,12410,4820,0,0,0
2023-09-25,ATM_2,Rural,15882,8550,0,0,0
2023-09-25,ATM_3,Urban,18199,11103,0,0,0
2023-09-25,ATM_4,Urban,10240,8440,0,0,2
2023-09-25,ATM_5,Urban,23274,10077,0,0,0
2023-09-26,ATM_1,Urban,23802,11429,1,0,0
2023-09-26,ATM_2,Urban,12173,14714,1,0,2
2023-09-26,ATM_3,Urban,22325,7159,1,0,0
2023-09-26,ATM_4,Rural,6317,7493,1,0,2
2023-09-26,ATM_5,Urban,20607,6301,1,0,1
2023-09-27,ATM_1,Rural,18107,4505,2,0,0
2023-09-27,ATM_2,Rural,16996,6548,2,0,0
2023-09-27,ATM_3,Urban,24088,11362,2,0,0
2023-09-27,ATM_4,Rural,10060,4077,2,0,0
2023-09-27,ATM_5,Urban,15585,10823,2,0,0
2023-09-28,ATM_1,Rural,8534,6462,3,0,1
2023-09-28,ATM_2,Urban,20966,12329,3,0,0
2023-09-28,ATM_3,Urban,23518,9703,3,0,0
2023-09-28,ATM_4,Urban,23316,6104,3,0,0
2023-09-28,ATM_5,Urban,21943,13320,3,0,0
2023-09-29,ATM_1,Urban,24413,13081,4,0,0
2023-09-29,ATM_2,Urban,21678,10529,4,0,0
2023-09-29,ATM_3,Urban,15026,11937,4,0,0
2023-09-29,ATM_4,Rural,18758,3703,4,0,0
2023-09-29,ATM_5,Urban,16590,12776,4,0,0
2023-09-30,ATM_1,Urban,15791,6357,5,0,0
2023-09-30,ATM_2,Urban,14460,13737,5,0,0
2023-09-30,ATM_3,Urban,18726,12481,5,0,0
2023-09-30,ATM_4,Urban,10616,8644,5,0,1
2023-09-30,ATM_5,Urban,15174,8081,5,0,0
2023-10-01,ATM_1,Urban,18269,12099,6,0,0
2023-10-01,ATM_2,Urban,16078,10801,6,0,0
2023-10-01,ATM_3,Urban,18911,7600,6,0,1
2023-10-01,ATM_4,Urban,12283,10840,6,0,0
2023-10-01,ATM_5,Urban,13465,13321,6,0,0
2023-10-02,ATM_1,Urban,18672,12382,0,0,0
2023-10-02,ATM_2,Urban,15992,11858,0,0,0
2023-10-02,ATM_3,Urban,19522,8188,0,0,0
2023-10-02,ATM_4,Urban,19704,9823,0,0,0
2023-10-02,ATM_5,Rural,10888,5043,0,0,0
2023-10-03,ATM_1,Urban,19212,11961,1,0,0
2023-10-03,ATM_2,Rural,11738,4364,1,0,0
2023-10-03,ATM_3,Urban,13151,13777,1,0,1
2023-10-03,ATM_4,Urban,15495,7148,1,0,0
2023-10-03,ATM_5,Urban,18085,8504,1,0,0
2023-10-04,ATM_1,Urban,22162,10523,2,0,0
2023-10-04,ATM_2,Urban,22246,5154,2,0,0
2023-10-04,ATM_3,Urban,19626,7905,2,0,0
2023-10-04,ATM_4,Rural,10153,7187,2,0,0
2023-10-04,ATM_5,Urban,13786,9368,2,0,1
2023-10-05,ATM_1,Urban,18767,13834,3,0,0
2023-10-05,ATM_2,Urban,16426,8783,3,0,1
2023-10-05,ATM_3,Rural,17261,5349,3,0,1
2023-10-05,ATM_4,Urban,21965,14344,3,0,0
2023-10-05,ATM_5,Urban,17511,5143,3,0,0
2023-10-06,ATM_1,Urban,21031,9243,4,0,0
2023-10-06,ATM_2,Urban,17713,9185,4,0,0
2023-10-06,ATM_3,Urban,18192,5300,4,0,0
2023-10-06,ATM_4,Urban,15067,7506,4,0,0
2023-10-06,ATM_5,Urban,18680,14355,4,0,1
2023-10-07,ATM_1,Rural,10661,4751,5,0,0
2023-10-07,ATM_2,Urban,19067,10091,5,0,0
2023-10-07,ATM_3,Urban,18230,14294,5,0,0
2023-10-07,ATM_4,Urban,18447,10499,5,0,0
2023-10-07,ATM_5,Rural,11701,7994,5,0,1
2023-10-08,ATM_1,Urban,21727,13269,6,0,0
2023-10-08,ATM_2,Urban,13532,13429,6,0,0
2023-10-08,ATM_3,Urban,10277,8089,6,0,1
2023-10-08,ATM_4,Urban,13122,13167,6,0,1
2023-10-08,ATM_5,Urban,11797,7131,6,0,1
2023-10-09,ATM_1,Rural,10815,5694,0,0,0
2023-10-09,ATM_2,Rural,11410,7473,0,0,0
2023-10-09,ATM_3,Rural,11032,6342,0,0,0
2023-10-09,ATM_4,Urban,19500,6172,0,0,0
2023-10-09,ATM_5,Rural,11641,3471,0,0,0
2023-10-10,ATM_1,Rural,17670,8133,1,0,0
2023-10-10,ATM_2,Urban,18309,5545,1,0,0
2023-10-10,ATM_3,Urban,24154,5882,1,0,0
2023-10-10,ATM_4,Urban,24057,10204,1,0,0
2023-10-10,ATM_5,Urban,12244,5018,1,0,2
2023-10-11,ATM_1,Rural,10865,3773,2,0,0
2023-10-11,ATM_2,Urban,18518,11795,2,0,0
2023-10-11,ATM_3,Urban,16674,5739,2,0,0
2023-10-11,ATM_4,Urban,18127,11947,2,0,1
2023-10-11,ATM_5,Urban,20645,13943,2,0,0
2023-10-12,ATM_1,Urban,18732,7283,3,0,0
2023-10-12,ATM_2,Urban,19998,10413,3,0,1
2023-10-12,ATM_3,Urban,17603,10961,3,0,0
2023-10-12,ATM_4,Rural,11680,8170,3,0,0
2023-10-12,ATM_5,Rural,18084,8367,3,0,0
2023-10-13,ATM_1,Urban,17007,13992,4,0,0
2023-10-13,ATM_2,Urban,19920,5755,4,0,0
2023-10-13,ATM_3,Rural,12330,8705,4,0,0
2023-10-13,ATM_4,Urban,23216,9938,4,0,0
2023-10-13,ATM_5,Rural,10231,4917,4,0,0
2023-10-14,ATM_1,Urban,20646,11401,5,0,0
2023-10-14,ATM_2,Urban,19393,13787,5,0,0
2023-10-14,ATM_3,Urban,16497,12933,5,0,0
2023-10-14,ATM_4,Urban,12308,13534,5,0,0
2023-10-14,ATM_5,Rural,5257,6235,5,0,2
2023-10-15,ATM_1,Urban,17720,11353,6,0,0
2023-10-15,ATM_2,Urban,21494,8381,6,0,0
2023-10-15,ATM_3,Urban,12545,6927,6,0,0
2023-10-15,ATM_4,Urban,17533,14554,6,0,0
2023-10-15,ATM_5,Urban,19465,8326,6,0,1
2023-10-16,ATM_1,Urban,19763,11737,0,0,0
2023-10-16,ATM_2,Urban,20092,11022,0,0,0
2023-10-16,ATM_3,Rural,16159,8031,0,0,0
2023-10-16,ATM_4,Rural,11044,4420,0,0,1
2023-10-16,ATM_5,Urban,15892,10288,0,0,1
2023-10-17,ATM_1,Urban,20481,5759,1,0,0
2023-10-17,ATM_2,Rural,18446,8262,1,0,0
2023-10-17,ATM_3,Urban,21154,12787,1,0,0
2023-10-17,ATM_4,Urban,24436,10972,1,0,0
2023-10-17,ATM_5,Urban,19314,14702,1,0,0
2023-10-18,ATM_1,Urban,22311,5989,2,0,0
2023-10-18,ATM_2,Rural,16479,9814,2,0,0
2023-10-18,ATM_3,Urban,23075,9452,2,0,0
2023-10-18,ATM_4,Urban,22688,8908,2,0,0
2023-10-18,ATM_5,Rural,10098,3196,2,0,0
2023-10-19,ATM_1,Rural,12665,4388,3,0,0
2023-10-19,ATM_2,Urban,24257,13613,3,0,0
2023-10-19,ATM_3,Urban,16223,8172,3,0,0
2023-10-19,ATM_4,Rural,16520,3654,3,0,0
2023-10-19,ATM_5,Rural,13666,7277,3,0,0
2023-10-20,ATM_1,Urban,18985,13167,4,0,0
2023-10-20,ATM_2,Urban,18681,14635,4,0,0
2023-10-20,ATM_3,Urban,24524,9753,4,0,0
2023-10-20,ATM_4,Rural,18417,7200,4,0,0
2023-10-20,ATM_5,Urban,22422,9524,4,0,0
2023-10-21,ATM_1,Urban,15407,11731,5,0,0
2023-10-21,ATM_2,Urban,19334,7911,5,0,0
2023-10-21,ATM_3,Urban,16951,13098,5,0,0
2023-10-21,ATM_4,Urban,19257,10565,5,0,0
2023-10-21,ATM_5,Urban,20624,5835,5,0,0
2023-10-22,ATM_1,Urban,16567,8815,6,0,0
2023-10-22,ATM_2,Urban,21118,10287,6,0,0
2023-10-22,ATM_3,Urban,16022,9784,6,0,0
2023-10-22,ATM_4,Rural,12580,8055,6,0,0
2023-10-22,ATM_5,Urban,12706,11997,6,0,0
2023-10-23,ATM_1,Rural,10755,9960,0,0,2
2023-10-23,ATM_2,Urban,21851,12211,0,0,0
2023-10-23,ATM_3,Urban,19811,5164,0,0,1
2023-10-23,ATM_4,Urban,19428,5402,0,0,0
2023-10-23,ATM_5,Urban,19157,5867,0,0,0
2023-10-24,ATM_1,Rural,12467,6832,1,0,2
2023-10-24,ATM_2,Urban,23737,11468,1,0,0
2023-10-24,ATM_3,Urban,15452,11537,1,0,0
2023-10-24,ATM_4,Urban,17738,12572,1,0,0
2023-10-24,ATM_5,Urban,18149,13276,1,0,0
2023-10-25,ATM_1,Rural,11168,7164,2,0,0
2023-10-25,ATM_2,Urban,18516,8367,2,0,0
2023-10-25,ATM_3,Urban,18555,10111,2,0,0
2023-10-25,ATM_4,Rural,14016,6875,2,0,0
2023-10-25,ATM_5,Urban,15261,9992,2,0,0
2023-10-26,ATM_1,Rural,18283,7222,3,0,0
2023-10-26,ATM_2,Urban,16443,10011,3,0,1
2023-10-26,ATM_3,Urban,14812,10724,3,0,1
2023-10-26,ATM_4,Rural,11410,6497,3,0,0
2023-10-26,ATM_5,Urban,24368,9332,3,0,0
2023-10-27,ATM_1,Urban,20555,9052,4,0,0
2023-10-27,ATM_2,Urban,20490,13564,4,0,0
2023-10-27,ATM_3,Urban,13848,11354,4,0,1
2023-10-27,ATM_4,Urban,18625,5314,4,0,0
2023-10-27,ATM_5,Urban,23449,5574,4,0,0
2023-10-28,ATM_1,Urban,17585,10492,5,0,0
2023-10-28,ATM_2,Rural,12670,9567,5,0,0
2023-10-28,ATM_3,Urban,14837,5203,5,0,2
2023-10-28,ATM_4,Rural,9243,3306,5,0,0
2023-10-28,ATM_5,Urban,17176,5722,5,0,0
2023-10-29,ATM_1,Urban,12343,10398,6,0,0
2023-10-29,ATM_2,Urban,12919,10819,6,0,0
2023-10-29,ATM_3,Rural,14378,8484,6,0,0
2023-10-29,ATM_4,Rural,13784,4545,6,0,0
2023-10-29,ATM_5,Urban,17053,7939,6,0,0
2023-10-30,ATM_1,Urban,20194,10851,0,0,1
2023-10-30,ATM_2,Rural,10988,8201,0,0,0
2023-10-30,ATM_3,Rural,11789,8281,0,0,0
2023-10-30,ATM_4,Urban,21654,7440,0,0,0
2023-10-30,ATM_5,Rural,19470,8298,0,0,0
2023-10-31,ATM_1,Rural,19219,9310,1,0,0
2023-10-31,ATM_2,Rural,17371,5241,1,0,0
2023-10-31,ATM_3,Urban,19911,5403,1,0,0
2023-10-31,ATM_4,Urban,22630,5087,1,0,0
2023-10-31,ATM_5,Urban,20470,11276,1,0,0
2023-11-01,ATM_1,Rural,16523,8003,2,0,0
2023-11-01,ATM_2,Urban,21606,7064,2,0,0
2023-11-01,ATM_3,Urban,16502,11130,2,0,0
2023-11-01,ATM_4,Urban,15118,5709,2,0,0
2023-11-01,ATM_5,Urban,13250,13061,2,0,2
2023-11-02,ATM_1,Urban,19421,12857,3,0,0
2023-11-02,ATM_2,Urban,21658,7261,3,0,0
2023-11-02,ATM_3,Urban,15508,7379,3,0,0
2023-11-02,ATM_4,Urban,24484,10495,3,0,0
2023-11-02,ATM_5,Rural,16743,8648,3,0,0
2023-11-03,ATM_1,Urban,18557,8587,4,0,0
2023-11-03,ATM_2,Rural,17160,7964,4,0,0
2023-11-03,ATM_3,Urban,24694,8127,4,0,0
2023-11-03,ATM_4,Urban,18395,14005,4,0,0
2023-11-03,ATM_5,Rural,15904,8539,4,0,0
2023-11-04,ATM_1,Urban,14024,7817,5,0,0
2023-11-04,ATM_2,Urban,14581,14582,5,0,0
2023-11-04,ATM_3,Urban,12443,13919,5,0,1
2023-11-04,ATM_4,Rural,6036,4832,5,0,1
2023-11-04,ATM_5,Urban,13548,14335,5,0,0
2023-11-05,ATM_1,Urban,15957,8407,6,0,0
2023-11-05,ATM_2,Urban,15959,13708,6,0,0
2023-11-05,ATM_3,Urban,14164,8945,6,0,0
2023-11-05,ATM_4,Rural,9590,7934,6,0,0
2023-11-05,ATM_5,Urban,16559,7785,6,0,1
2023-11-06,ATM_1,Urban,16574,10676,0,0,0
2023-11-06,ATM_2,Rural,15210,7845,0,0,0
2023-11-06,ATM_3,Rural,9875,6406,0,0,1
2023-11-06,ATM_4,Urban,21240,10408,0,0,1
2023-11-06,ATM_5,Urban,17833,10285,0,0,0
2023-11-07,ATM_1,Urban,22023,9777,1,0,1
2023-11-07,ATM_2,Urban,18278,11368,1,0,2
2023-11-07,ATM_3,Urban,22777,6932,1,0,0
2023-11-07,ATM_4,Urban,18446,7790,1,0,0
2023-11-07,ATM_5,Rural,13933,6385,1,0,0
2023-11-08,ATM_1,Urban,24774,5564,2,0,0
2023-11-08,ATM_2,Urban,24179,11881,2,0,0
2023-11-08,ATM_3,Rural,10350,4928,2,0,0
2023-11-08,ATM_4,Rural,9017,5226,2,0,1
2023-11-08,ATM_5,Urban,21207,7419,2,0,0
2023-11-09,ATM_1,Urban,15322,12718,3,0,2
2023-11-09,ATM_2,Rural,9042,8230,3,0,2
2023-11-09,ATM_3,Urban,17658,8483,3,0,0
2023-11-09,ATM_4,Rural,15653,3595,3,0,1
2023-11-09,ATM_5,Urban,19305,8007,3,0,0
2023-11-10,ATM_1,Rural,9211,3229,4,0,1
2023-11-10,ATM_2,Rural,10501,5132,4,0,0
2023-11-10,ATM_3,Urban,18880,5386,4,0,2
2023-11-10,ATM_4,Urban,20820,8052,4,0,0
2023-11-10,ATM_5,Urban,24799,9366,4,0,0
2023-11-11,ATM_1,Urban,20450,14139,5,0,0
2023-11-11,ATM_2,Rural,10399,6382,5,0,2
2023-11-11,ATM_3,Urban,13749,13186,5,0,1
2023-11-11,ATM_4,Urban,14551,7823,5,0,1
2023-11-11,ATM_5,Urban,20677,13391,5,0,0
2023-11-12,ATM_1,Rural,14663,7343,6,0,1
2023-11-12,ATM_2,Urban,19713,5604,6,0,1
2023-11-12,ATM_3,Urban,17785,14609,6,0,0
2023-11-12,ATM_4,Urban,19532,13740,6,0,0
2023-11-12,ATM_5,Urban,15815,5847,6,0,0
2023-11-13,ATM_1,Urban,19468,10192,0,0,0
2023-11-13,ATM_2,Urban,13673,6564,0,0,2
2023-11-13,ATM_3,Rural,10726,4244,0,0,0
2023-11-13,ATM_4,Urban,15282,6081,0,0,0
2023-11-13,ATM_5,Urban,17970,14344,0,0,0
2023-11-14,ATM_1,Urban,19760,14909,1,0,0
2023-11-14,ATM_2,Urban,23505,5564,1,0,0
2023-11-14,ATM_3,Rural,13670,4025,1,0,0
2023-11-14,ATM_4,Urban,19631,14583,1,0,0
2023-11-14,ATM_5,Urban,21906,11016,1,0,0
2023-11-15,ATM_1,Urban,17938,9141,2,0,2
2023-11-15,ATM_2,Rural,15611,4836,2,0,0
2023-11-15,ATM_3,Rural,15577,6618,2,0,0
2023-11-15,ATM_4,Rural,12063,6642,2,0,0
2023-11-15,ATM_5,Urban,16294,9065,2,0,0
2023-11-16,ATM_1,Urban,16603,6322,3,0,0
2023-11-16,ATM_2,Rural,11098,8073,3,0,0
2023-11-16,ATM_3,Rural,11787,9150,3,0,1
2023-11-16,ATM_4,Rural,10175,8096,3,0,0
2023-11-16,ATM_5,Urban,23867,6823,3,0,0
2023-11-17,ATM_1,Urban,21199,5546,4,0,0
2023-11-17,ATM_2,Urban,17040,9534,4,0,0
2023-11-17,ATM_3,Urban,16600,9402,4,0,0
2023-11-17,ATM_4,Urban,20491,10795,4,0,0
2023-11-17,ATM_5,Urban,22633,6487,4,0,0
2023-11-18,ATM_1,Urban,13044,7431,5,0,0
2023-11-18,ATM_2,Urban,13308,9917,5,0,0
2023-11-18,ATM_3,Urban,16766,10362,5,0,0
2023-11-18,ATM_4,Rural,5000,9657,5,0,2
2023-11-18,ATM_5,Urban,19226,13032,5,0,0
2023-11-19,ATM_1,Rural,9542,5003,6,0,0
2023-11-19,ATM_2,Urban,19396,12823,6,0,0
2023-11-19,ATM_3,Urban,20461,12926,6,0,0
2023-11-19,ATM_4,Urban,20697,6129,6,0,0
2023-11-19,ATM_5,Urban,18553,8720,6,0,1
2023-11-20,ATM_1,Urban,24873,14244,0,0,0
2023-11-20,ATM_2,Urban,21533,9727,0,0,0
2023-11-20,ATM_3,Rural,15560,7016,0,0,0
2023-11-20,ATM_4,Rural,19485,4922,0,0,0
2023-11-20,ATM_5,Urban,23511,7149,0,0,0
2023-11-21,ATM_1,Urban,22747,11713,1,0,1
2023-11-21,ATM_2,Urban,21652,14078,1,0,1
2023-11-21,ATM_3,Urban,13876,9615,1,0,2
2023-11-21,ATM_4,Urban,24118,9652,1,0,0
2023-11-21,ATM_5,Rural,14674,3541,1,0,0
2023-11-22,ATM_1,Urban,19569,7744,2,0,0
2023-11-22,ATM_2,Urban,19675,6560,2,0,0
2023-11-22,ATM_3,Rural,10722,5358,2,0,1
2023-11-22,ATM_4,Urban,22925,5808,2,0,0
2023-11-22,ATM_5,Urban,20073,13012,2,0,0
2023-11-23,ATM_1,Rural,11353,3767,3,0,0
2023-11-23,ATM_2,Rural,17329,9429,3,0,0
2023-11-23,ATM_3,Urban,22734,8906,3,0,0
2023-11-23,ATM_4,Rural,16269,8684,3,0,0
2023-11-23,ATM_5,Urban,17032,14699,3,0,0
2023-11-24,ATM_1,Urban,22129,7705,4,0,0
2023-11-24,ATM_2,Urban,20677,9651,4,0,0
2023-11-24,ATM_3,Rural,13697,3490,4,0,0
2023-11-24,ATM_4,Rural,19479,4633,4,0,0
2023-11-24,ATM_5,Urban,14376,14490,4,0,2
2023-11-25,ATM_1,Urban,16423,11870,5,0,0
2023-11-25,ATM_2,Rural,13170,3701,5,0,0
2023-11-25,ATM_3,Urban,19867,9264,5,0,0
2023-11-25,ATM_4,Urban,17776,13558,5,0,1
2023-11-25,ATM_5,Rural,10935,7619,5,0,0
2023-11-26,ATM_1,Urban,19856,10401,6,0,0
2023-11-26,ATM_2,Urban,17738,10984,6,0,0
2023-11-26,ATM_3,Urban,20989,8215,6,0,0
2023-11-26,ATM_4,Rural,16903,3752,6,0,0
2023-11-26,ATM_5,Urban,10677,5105,6,0,1
2023-11-27,ATM_1,Rural,11095,8083,0,0,0
2023-11-27,ATM_2,Urban,18257,11213,0,0,0
2023-11-27,ATM_3,Rural,11561,7006,0,0,0
2023-11-27,ATM_4,Rural,15682,8782,0,0,0
2023-11-27,ATM_5,Urban,15600,11376,0,0,0
2023-11-28,ATM_1,Urban,24736,5078,1,0,0
2023-11-28,ATM_2,Urban,21417,6209,1,0,1
2023-11-28,ATM_3,Urban,22610,13895,1,0,0
2023-11-28,ATM_4,Urban,19710,5328,1,0,0
2023-11-28,ATM_5,Urban,21794,5120,1,0,0
2023-11-29,ATM_1,Rural,13675,8694,2,0,0
2023-11-29,ATM_2,Urban,20249,6316,2,0,0
2023-11-29,ATM_3,Urban,13170,14621,2,0,2
2023-11-29,ATM_4,Rural,10028,8026,2,0,0
2023-11-29,ATM_5,Urban,17024,13490,2,0,0
2023-11-30,ATM_1,Urban,20791,5754,3,0,0
2023-11-30,ATM_2,Urban,16906,12399,3,0,0
2023-11-30,ATM_3,Urban,24549,6460,3,0,0
2023-11-30,ATM_4,Urban,16416,12766,3,0,0
2023-11-30,ATM_5,Urban,19378,12529,3,0,0
2023-12-01,ATM_1,Urban,15555,13547,4,0,0
2023-12-01,ATM_2,Urban,17553,6779,4,0,0
2023-12-01,ATM_3,Urban,18057,7349,4,0,1
2023-12-01,ATM_4,Rural,8392,4108,4,0,1
2023-12-01,ATM_5,Rural,15057,5775,4,0,0
2023-12-02,ATM_1,Rural,12796,9258,5,0,0
2023-12-02,ATM_2,Rural,8400,8249,5,0,0
2023-12-02,ATM_3,Rural,14169,3870,5,0,0
2023-12-02,ATM_4,Urban,14739,5940,5,0,0
2023-12-02,ATM_5,Rural,11133,3659,5,0,0
2023-12-03,ATM_1,Urban,14975,14241,6,0,0
2023-12-03,ATM_2,Urban,12818,9868,6,0,0
2023-12-03,ATM_3,Rural,7920,7920,6,0,0
2023-12-03,ATM_4,Rural,9017,4228,6,0,0
2023-12-03,ATM_5,Urban,14868,6438,6,0,0
2023-12-04,ATM_1,Urban,21343,7263,0,0,0
2023-12-04,ATM_2,Urban,22027,5331,0,0,0
2023-12-04,ATM_3,Urban,20720,14133,0,0,0
2023-12-04,ATM_4,Rural,14975,5862,0,0,0
2023-12-04,ATM_5,Urban,21614,12135,0,0,0
2023-12-05,ATM_1,Rural,17492,7309,1,0,0
2023-12-05,ATM_2,Urban,20424,9241,1,0,0
2023-12-05,ATM_3,Rural,14155,3527,1,0,0
2023-12-05,ATM_4,Urban,20660,13624,1,0,0
2023-12-05,ATM_5,Urban,17233,9700,1,0,0
2023-12-06,ATM_1,Urban,20526,10559,2,0,1
2023-12-06,ATM_2,Urban,24965,11944,2,0,0
2023-12-06,ATM_3,Rural,19120,4951,2,0,0
2023-12-06,ATM_4,Urban,24186,12799,2,0,0
2023-12-06,ATM_5,Urban,22875,14033,2,0,0
2023-12-07,ATM_1,Urban,13858,10519,3,0,1
2023-12-07,ATM_2,Urban,18454,6030,3,0,0
2023-12-07,ATM_3,Urban,16447,7850,3,0,0
2023-12-07,ATM_4,Urban,17151,14503,3,0,2
2023-12-07,ATM_5,Urban,24281,6672,3,0,0
2023-12-08,ATM_1,Rural,16085,7198,4,0,0
2023-12-08,ATM_2,Urban,16221,7860,4,0,0
2023-12-08,ATM_3,Rural,19336,9649,4,0,0
2023-12-08,ATM_4,Rural,12681,8086,4,0,0
2023-12-08,ATM_5,Urban,18513,5495,4,0,0
2023-12-09,ATM_1,Urban,14072,12795,5,0,0
2023-12-09,ATM_2,Urban,20328,7555,5,0,0
2023-12-09,ATM_3,Urban,17993,10021,5,0,0
2023-12-09,ATM_4,Urban,15870,14190,5,0,0
2023-12-09,ATM_5,Urban,12395,5938,5,0,0
2023-12-10,ATM_1,Urban,13649,8690,6,0,0
2023-12-10,ATM_2,Urban,20405,8237,6,0,0
2023-12-10,ATM_3,Urban,14938,7971,6,0,1
2023-12-10,ATM_4,Urban,21628,14354,6,0,0
2023-12-10,ATM_5,Rural,7561,6981,6,0,0
2023-12-11,ATM_1,Urban,18554,14918,0,0,0
2023-12-11,ATM_2,Urban,24126,12095,0,0,0
2023-12-11,ATM_3,Urban,23212,14230,0,0,0
2023-12-11,ATM_4,Urban,16771,13563,0,0,1
2023-12-11,ATM_5,Urban,16164,14284,0,0,0
2023-12-12,ATM_1,Urban,23712,9466,1,0,0
2023-12-12,ATM_2,Urban,22111,13434,1,0,0
2023-12-12,ATM_3,Urban,22262,6541,1,0,0
2023-12-12,ATM_4,Urban,18083,10356,1,0,0
2023-12-12,ATM_5,Urban,17972,6872,1,0,0
2023-12-13,ATM_1,Urban,19749,11571,2,0,0
2023-12-13,ATM_2,Urban,20463,12450,2,0,0
2023-12-13,ATM_3,Urban,16313,12847,2,0,0
2023-12-13,ATM_4,Rural,18949,6095,2,0,0
2023-12-13,ATM_5,Urban,18432,6386,2,0,1
2023-12-14,ATM_1,Urban,22637,9841,3,0,0
2023-12-14,ATM_2,Urban,16867,8793,3,0,1
2023-12-14,ATM_3,Urban,23809,7165,3,0,0
2023-12-14,ATM_4,Urban,22642,11404,3,0,0
2023-12-14,ATM_5,Urban,18174,9782,3,0,0
2023-12-15,ATM_1,Urban,18078,7983,4,0,0
2023-12-15,ATM_2,Urban,17523,14677,4,0,0
2023-12-15,ATM_3,Urban,15609,7001,4,0,2
2023-12-15,ATM_4,Urban,24957,6220,4,0,0
2023-12-15,ATM_5,Urban,21035,14810,4,0,0
2023-12-16,ATM_1,Urban,12834,14110,5,0,0
2023-12-16,ATM_2,Rural,12993,7498,5,0,0
2023-12-16,ATM_3,Rural,7209,4064,5,0,0
2023-12-16,ATM_4,Urban,15110,7166,5,0,0
2023-12-16,ATM_5,Urban,17193,6214,5,0,0
2023-12-17,ATM_1,Urban,20475,5212,6,0,0
2023-12-17,ATM_2,Urban,16609,10917,6,0,2
2023-12-17,ATM_3,Urban,17578,10551,6,0,0
2023-12-17,ATM_4,Urban,13906,5378,6,0,2
2023-12-17,ATM_5,Urban,17937,5224,6,0,1
2023-12-18,ATM_1,Rural,5711,8988,0,0,2
2023-12-18,ATM_2,Urban,22173,6259,0,0,0
2023-12-18,ATM_3,Urban,16551,11400,0,0,1
2023-12-18,ATM_4,Rural,11823,9852,0,0,0
2023-12-18,ATM_5,Urban,22777,9232,0,0,0
2023-12-19,ATM_1,Urban,16222,12630,1,0,0
2023-12-19,ATM_2,Urban,22496,12490,1,0,1
2023-12-19,ATM_3,Urban,23343,6325,1,0,0
2023-12-19,ATM_4,Urban,23998,7722,1,0,0
2023-12-19,ATM_5,Rural,12869,7516,1,0,0
2023-12-20,ATM_1,Urban,22246,6918,2,0,0
2023-12-20,ATM_2,Urban,17355,14589,2,0,0
2023-12-20,ATM_3,Urban,22280,9060,2,0,0
2023-12-20,ATM_4,Urban,20316,8845,2,0,0
2023-12-20,ATM_5,Urban,15064,14491,2,0,0
2023-12-21,ATM_1,Urban,15968,5368,3,0,0
2023-12-21,ATM_2,Urban,23073,14112,3,0,0
2023-12-21,ATM_3,Urban,11469,9725,3,0,2
2023-12-21,ATM_4,Urban,15823,8431,3,0,0
2023-12-21,ATM_5,Urban,22420,13989,3,0,0
2023-12-22,ATM_1,Urban,20534,8306,4,0,0
2023-12-22,ATM_2,Rural,11718,3021,4,0,1
2023-12-22,ATM_3,Urban,18641,10212,4,0,0
2023-12-22,ATM_4,Rural,17174,9783,4,0,0
2023-12-22,ATM_5,Urban,19335,13281,4,0,0
2023-12-23,ATM_1,Urban,21196,10494,5,0,0
2023-12-23,ATM_2,Urban,18273,11284,5,0,0
2023-12-23,ATM_3,Urban,15994,6678,5,0,0
2023-12-23,ATM_4,Urban,13736,12903,5,0,0
2023-12-23,ATM_5,Rural,8356,4014,5,0,0
2023-12-24,ATM_1,Rural,11009,7458,6,0,1
2023-12-24,ATM_2,Urban,15370,10976,6,0,0
2023-12-24,ATM_3,Urban,16982,13613,6,0,1
2023-12-24,ATM_4,Urban,16894,8620,6,0,2
2023-12-24,ATM_5,Rural,7391,4075,6,0,0
2023-12-25,ATM_1,Rural,5809,6309,0,1,0
2023-12-25,ATM_2,Urban,17574,6531,0,1,0
2023-12-25,ATM_3,Rural,13445,6548,0,1,0
2023-12-25,ATM_4,Urban,6231,7423,0,1,2
2023-12-25,ATM_5,Urban,12908,9712,0,1,0
2023-12-26,ATM_1,Rural,13515,6403,1,0,0
2023-12-26,ATM_2,Urban,19009,7735,1,0,0
2023-12-26,ATM_3,Urban,21593,5974,1,0,1
2023-12-26,ATM_4,Urban,14211,5225,1,0,2
2023-12-26,ATM_5,Urban,16341,9036,1,0,0
2023-12-27,ATM_1,Rural,12803,4109,2,0,0
2023-12-27,ATM_2,Rural,19035,4524,2,0,0
2023-12-27,ATM_3,Rural,10132,5838,2,0,0
2023-12-27,ATM_4,Urban,15975,12605,2,0,0
2023-12-27,ATM_5,Urban,17835,7738,2,0,0
2023-12-28,ATM_1,Urban,23353,6909,3,0,0
2023-12-28,ATM_2,Urban,16963,10153,3,0,0
2023-12-28,ATM_3,Urban,18061,11461,3,0,0
2023-12-28,ATM_4,Urban,24858,13101,3,0,0
2023-12-28,ATM_5,Urban,14223,14018,3,0,2
2023-12-29,ATM_1,Urban,16985,8179,4,0,1
2023-12-29,ATM_2,Urban,17224,11371,4,0,0
2023-12-29,ATM_3,Rural,18458,3837,4,0,0
2023-12-29,ATM_4,Rural,10356,6815,4,0,0
2023-12-29,ATM_5,Urban,19647,9418,4,0,0
2023-12-30,ATM_1,Urban,16357,9879,5,0,0
2023-12-30,ATM_2,Urban,16510,14727,5,0,2
2023-12-30,ATM_3,Rural,7877,5870,5,0,0
2023-12-30,ATM_4,Urban,7292,14843,5,0,2
2023-12-30,ATM_5,Urban,14686,5233,5,0,0
2023-12-31,ATM_1,Rural,9272,3966,6,0,0
2023-12-31,ATM_2,Urban,20226,9542,6,0,0
2023-12-31,ATM_3,Urban,13558,9690,6,0,0
2023-12-31,ATM_4,Urban,13103,12520,6,0,0
2023-12-31,ATM_5,Rural,14869,5956,6,0,0
